-- phpMyAdmin SQL Dump
-- version 4.6.5.2
-- https://www.phpmyadmin.net/
--
-- Host: localhost
-- Generation Time: Aug 25, 2017 at 12:46 PM
-- Server version: 10.1.21-MariaDB
-- PHP Version: 7.1.1

SET SQL_MODE = "NO_AUTO_VALUE_ON_ZERO";
SET time_zone = "+00:00";


/*!40101 SET @OLD_CHARACTER_SET_CLIENT=@@CHARACTER_SET_CLIENT */;
/*!40101 SET @OLD_CHARACTER_SET_RESULTS=@@CHARACTER_SET_RESULTS */;
/*!40101 SET @OLD_COLLATION_CONNECTION=@@COLLATION_CONNECTION */;
/*!40101 SET NAMES utf8mb4 */;

--
-- Database: `subbo_db`
--
CREATE DATABASE IF NOT EXISTS `subbo_db` DEFAULT CHARACTER SET latin1 COLLATE latin1_swedish_ci;
USE `subbo_db`;

-- --------------------------------------------------------

--
-- Table structure for table `album_category`
--

CREATE TABLE `album_category` (
  `album_id` char(36) COLLATE utf8mb4_unicode_ci NOT NULL,
  `category_id` int(10) UNSIGNED NOT NULL,
  `created_at` timestamp NULL DEFAULT NULL,
  `updated_at` timestamp NULL DEFAULT NULL
) ENGINE=InnoDB DEFAULT CHARSET=utf8mb4 COLLATE=utf8mb4_unicode_ci;

--
-- Dumping data for table `album_category`
--

INSERT INTO `album_category` (`album_id`, `category_id`, `created_at`, `updated_at`) VALUES
('415733e4-f28f-52ad-89e4-a7dbe01811c8', 1, '2017-08-18 00:32:20', '2017-08-18 00:32:20'),
('415733e4-f28f-52ad-89e4-a7dbe01811c8', 6, '2017-08-18 00:32:20', '2017-08-18 00:32:20'),
('a61a5684-1815-5df9-b392-f0afee2b3cda', 1, '2017-08-18 00:42:26', '2017-08-18 00:42:26'),
('a61a5684-1815-5df9-b392-f0afee2b3cda', 5, '2017-08-18 00:42:26', '2017-08-18 00:42:26'),
('e6a1686a-2325-5679-9ec0-6575f770fe57', 1, '2017-08-18 00:44:08', '2017-08-18 00:44:08'),
('e6a1686a-2325-5679-9ec0-6575f770fe57', 5, '2017-08-18 00:44:08', '2017-08-18 00:44:08'),
('2961f940-04c0-5584-8387-f1d05a4f8690', 1, '2017-08-18 00:52:14', '2017-08-18 00:52:14'),
('2961f940-04c0-5584-8387-f1d05a4f8690', 5, '2017-08-18 00:52:14', '2017-08-18 00:52:14'),
('11acd6d8-60cf-5797-a6e2-6e427100b645', 6, '2017-08-18 01:51:24', '2017-08-18 01:51:24'),
('7a0d6da1-adea-519c-a5d1-3b7fe4b36768', 1, '2017-08-18 02:21:04', '2017-08-18 02:21:04'),
('e54beff5-9eb5-5e54-ab6c-941e2f759c16', 1, '2017-08-20 21:37:28', '2017-08-20 21:37:28'),
('e54beff5-9eb5-5e54-ab6c-941e2f759c16', 5, '2017-08-20 21:37:28', '2017-08-20 21:37:28'),
('2840b1d5-bd2a-53a4-a315-f617dbd61507', 6, '2017-08-21 22:15:51', '2017-08-21 22:15:51'),
('11f811cd-e345-5da0-8b17-7a2d3be814fc', 6, '2017-08-22 00:55:43', '2017-08-22 00:55:43'),
('fe3dbf92-94c7-5c51-9e7c-e27d0c67af2e', 6, '2017-08-22 00:57:30', '2017-08-22 00:57:30'),
('cb74960c-59fe-50f4-bb18-990a9897f81d', 6, '2017-08-22 01:34:22', '2017-08-22 01:34:22'),
('cb74960c-59fe-50f4-bb18-990a9897f81d', 4, '2017-08-22 01:34:22', '2017-08-22 01:34:22'),
('73e8df89-e833-5c74-a78a-c8fbe32f39c9', 6, '2017-08-22 02:39:09', '2017-08-22 02:39:09'),
('73e8df89-e833-5c74-a78a-c8fbe32f39c9', 4, '2017-08-22 02:39:09', '2017-08-22 02:39:09');

-- --------------------------------------------------------

--
-- Table structure for table `albums`
--

CREATE TABLE `albums` (
  `id` char(36) COLLATE utf8mb4_unicode_ci NOT NULL,
  `title` varchar(191) COLLATE utf8mb4_unicode_ci DEFAULT NULL,
  `description` text COLLATE utf8mb4_unicode_ci,
  `price` double DEFAULT NULL,
  `album_cover_id` int(11) DEFAULT NULL,
  `views` int(11) DEFAULT NULL,
  `downloaded` int(11) DEFAULT NULL,
  `is_published` tinyint(1) NOT NULL DEFAULT '0',
  `is_deleted` tinyint(1) NOT NULL DEFAULT '0',
  `user_id` char(36) COLLATE utf8mb4_unicode_ci NOT NULL,
  `created_at` timestamp NULL DEFAULT NULL,
  `updated_at` timestamp NULL DEFAULT NULL
) ENGINE=InnoDB DEFAULT CHARSET=utf8mb4 COLLATE=utf8mb4_unicode_ci;

--
-- Dumping data for table `albums`
--

INSERT INTO `albums` (`id`, `title`, `description`, `price`, `album_cover_id`, `views`, `downloaded`, `is_published`, `is_deleted`, `user_id`, `created_at`, `updated_at`) VALUES
('11acd6d8-60cf-5797-a6e2-6e427100b645', 'IOS test 2', 'test', 10000, 572, NULL, NULL, 1, 0, '983ac884-2762-3e85-a7b7-51013cfd1a11', '2017-08-18 01:50:53', '2017-08-18 01:51:27'),
('11f811cd-e345-5da0-8b17-7a2d3be814fc', 'Linux test 2', 'test', 12000, 609, NULL, NULL, 1, 0, '983ac884-2762-3e85-a7b7-51013cfd1a11', '2017-08-22 00:43:12', '2017-08-22 00:55:48'),
('2840b1d5-bd2a-53a4-a315-f617dbd61507', 'IOS test 4', 'test', 12000, 606, NULL, NULL, 1, 0, '983ac884-2762-3e85-a7b7-51013cfd1a11', '2017-08-21 22:15:28', '2017-08-21 22:16:02'),
('2961f940-04c0-5584-8387-f1d05a4f8690', 'test 4', 'test', 17000, 562, NULL, NULL, 1, 0, '983ac884-2762-3e85-a7b7-51013cfd1a11', '2017-08-18 00:51:31', '2017-08-18 00:52:36'),
('415733e4-f28f-52ad-89e4-a7dbe01811c8', 'test 1', 'test', 13500, 494, NULL, NULL, 1, 0, '983ac884-2762-3e85-a7b7-51013cfd1a11', '2017-08-18 00:31:42', '2017-08-18 00:32:44'),
('73e8df89-e833-5c74-a78a-c8fbe32f39c9', 'IOS test 6', 'test', 30000, 622, NULL, NULL, 1, 0, '983ac884-2762-3e85-a7b7-51013cfd1a11', '2017-08-22 02:38:39', '2017-08-22 02:39:12'),
('7a0d6da1-adea-519c-a5d1-3b7fe4b36768', 'test', 'test', 10000, NULL, NULL, NULL, 0, 1, '983ac884-2762-3e85-a7b7-51013cfd1a11', '2017-08-18 02:20:12', '2017-08-18 02:21:23'),
('a61a5684-1815-5df9-b392-f0afee2b3cda', 'test 2', 'test', 13000, 535, NULL, NULL, 1, 0, '983ac884-2762-3e85-a7b7-51013cfd1a11', '2017-08-18 00:41:49', '2017-08-18 00:43:20'),
('cb74960c-59fe-50f4-bb18-990a9897f81d', 'IOS test 4', 'test', 30000, 616, NULL, NULL, 1, 0, '983ac884-2762-3e85-a7b7-51013cfd1a11', '2017-08-22 01:33:13', '2017-08-22 01:34:25'),
('e54beff5-9eb5-5e54-ab6c-941e2f759c16', 'IOS test 3', 'test', 12000, 580, NULL, NULL, 1, 0, '983ac884-2762-3e85-a7b7-51013cfd1a11', '2017-08-20 21:21:21', '2017-08-20 21:37:47'),
('e6a1686a-2325-5679-9ec0-6575f770fe57', 'test 3', 'test', 15000, 551, NULL, NULL, 1, 0, '983ac884-2762-3e85-a7b7-51013cfd1a11', '2017-08-18 00:43:34', '2017-08-18 00:44:33'),
('fe3dbf92-94c7-5c51-9e7c-e27d0c67af2e', 'Linux test', 'Test', 10000, 615, NULL, NULL, 1, 0, '983ac884-2762-3e85-a7b7-51013cfd1a11', '2017-08-22 00:56:55', '2017-08-22 00:57:35');

-- --------------------------------------------------------

--
-- Table structure for table `categories`
--

CREATE TABLE `categories` (
  `id` int(10) UNSIGNED NOT NULL,
  `category_name` varchar(191) COLLATE utf8mb4_unicode_ci NOT NULL,
  `description` text COLLATE utf8mb4_unicode_ci NOT NULL,
  `image` varchar(191) COLLATE utf8mb4_unicode_ci NOT NULL,
  `created_at` timestamp NULL DEFAULT NULL,
  `updated_at` timestamp NULL DEFAULT NULL
) ENGINE=InnoDB DEFAULT CHARSET=utf8mb4 COLLATE=utf8mb4_unicode_ci;

--
-- Dumping data for table `categories`
--

INSERT INTO `categories` (`id`, `category_name`, `description`, `image`, `created_at`, `updated_at`) VALUES
(1, 'Abstract', 'Imagine on your own', 'abstract-icon.png', NULL, NULL),
(2, 'Culture', 'All about nationwide culture', 'culture-icon.png', NULL, NULL),
(3, 'Food', 'Make sure your stomach is not empty!', 'food-icon.png', NULL, NULL),
(4, 'Modern', 'High Tech? not always', 'modern-icon.png', NULL, NULL),
(5, 'Sport', 'All about sweat', 'sport-icon.png', NULL, NULL),
(6, 'Tech', 'Are you geek enough ?', 'tech-icon.png', NULL, NULL),
(7, 'Cars', 'All you need is petrol head', 'car-icon.png', NULL, NULL);

-- --------------------------------------------------------

--
-- Table structure for table `currency`
--

CREATE TABLE `currency` (
  `id` int(10) NOT NULL,
  `country` varchar(100) DEFAULT NULL,
  `currency` varchar(100) DEFAULT NULL,
  `code` varchar(100) DEFAULT NULL,
  `symbol` varchar(100) DEFAULT NULL
) ENGINE=InnoDB DEFAULT CHARSET=latin1;

--
-- Dumping data for table `currency`
--

INSERT INTO `currency` (`id`, `country`, `currency`, `code`, `symbol`) VALUES
(1, 'Albania', 'Leke', 'ALL', 'Lek'),
(2, 'America', 'Dollars', 'USD', '$'),
(3, 'Afghanistan', 'Afghanis', 'AFN', '?'),
(4, 'Argentina', 'Pesos', 'ARS', '$'),
(5, 'Aruba', 'Guilders', 'AWG', 'ƒ'),
(6, 'Australia', 'Dollars', 'AUD', '$'),
(7, 'Azerbaijan', 'New Manats', 'AZN', '???'),
(8, 'Bahamas', 'Dollars', 'BSD', '$'),
(9, 'Barbados', 'Dollars', 'BBD', '$'),
(10, 'Belarus', 'Rubles', 'BYR', 'p.'),
(11, 'Belgium', 'Euro', 'EUR', '€'),
(12, 'Beliz', 'Dollars', 'BZD', 'BZ$'),
(13, 'Bermuda', 'Dollars', 'BMD', '$'),
(14, 'Bolivia', 'Bolivianos', 'BOB', '$b'),
(15, 'Bosnia and Herzegovina', 'Convertible Marka', 'BAM', 'KM'),
(16, 'Botswana', 'Pula', 'BWP', 'P'),
(17, 'Bulgaria', 'Leva', 'BGN', '??'),
(18, 'Brazil', 'Reais', 'BRL', 'R$'),
(19, 'Britain (United Kingdom)', 'Pounds', 'GBP', '£'),
(20, 'Brunei Darussalam', 'Dollars', 'BND', '$'),
(21, 'Cambodia', 'Riels', 'KHR', '?'),
(22, 'Canada', 'Dollars', 'CAD', '$'),
(23, 'Cayman Islands', 'Dollars', 'KYD', '$'),
(24, 'Chile', 'Pesos', 'CLP', '$'),
(25, 'China', 'Yuan Renminbi', 'CNY', '¥'),
(26, 'Colombia', 'Pesos', 'COP', '$'),
(27, 'Costa Rica', 'Colón', 'CRC', '?'),
(28, 'Croatia', 'Kuna', 'HRK', 'kn'),
(29, 'Cuba', 'Pesos', 'CUP', '?'),
(30, 'Cyprus', 'Euro', 'EUR', '€'),
(31, 'Czech Republic', 'Koruny', 'CZK', 'K?'),
(32, 'Denmark', 'Kroner', 'DKK', 'kr'),
(33, 'Dominican Republic', 'Pesos', 'DOP ', 'RD$'),
(34, 'East Caribbean', 'Dollars', 'XCD', '$'),
(35, 'Egypt', 'Pounds', 'EGP', '£'),
(36, 'El Salvador', 'Colones', 'SVC', '$'),
(37, 'England (United Kingdom)', 'Pounds', 'GBP', '£'),
(38, 'Euro', 'Euro', 'EUR', '€'),
(39, 'Falkland Islands', 'Pounds', 'FKP', '£'),
(40, 'Fiji', 'Dollars', 'FJD', '$'),
(41, 'France', 'Euro', 'EUR', '€'),
(42, 'Ghana', 'Cedis', 'GHC', '¢'),
(43, 'Gibraltar', 'Pounds', 'GIP', '£'),
(44, 'Greece', 'Euro', 'EUR', '€'),
(45, 'Guatemala', 'Quetzales', 'GTQ', 'Q'),
(46, 'Guernsey', 'Pounds', 'GGP', '£'),
(47, 'Guyana', 'Dollars', 'GYD', '$'),
(48, 'Holland (Netherlands)', 'Euro', 'EUR', '€'),
(49, 'Honduras', 'Lempiras', 'HNL', 'L'),
(50, 'Hong Kong', 'Dollars', 'HKD', '$'),
(51, 'Hungary', 'Forint', 'HUF', 'Ft'),
(52, 'Iceland', 'Kronur', 'ISK', 'kr'),
(53, 'India', 'Rupees', 'INR', 'Rp'),
(54, 'Indonesia', 'Rupiahs', 'IDR', 'Rp'),
(55, 'Iran', 'Rials', 'IRR', '?'),
(56, 'Ireland', 'Euro', 'EUR', '€'),
(57, 'Isle of Man', 'Pounds', 'IMP', '£'),
(58, 'Israel', 'New Shekels', 'ILS', '?'),
(59, 'Italy', 'Euro', 'EUR', '€'),
(60, 'Jamaica', 'Dollars', 'JMD', 'J$'),
(61, 'Japan', 'Yen', 'JPY', '¥'),
(62, 'Jersey', 'Pounds', 'JEP', '£'),
(63, 'Kazakhstan', 'Tenge', 'KZT', '??'),
(64, 'Korea (North)', 'Won', 'KPW', '?'),
(65, 'Korea (South)', 'Won', 'KRW', '?'),
(66, 'Kyrgyzstan', 'Soms', 'KGS', '??'),
(67, 'Laos', 'Kips', 'LAK', '?'),
(68, 'Latvia', 'Lati', 'LVL', 'Ls'),
(69, 'Lebanon', 'Pounds', 'LBP', '£'),
(70, 'Liberia', 'Dollars', 'LRD', '$'),
(71, 'Liechtenstein', 'Switzerland Francs', 'CHF', 'CHF'),
(72, 'Lithuania', 'Litai', 'LTL', 'Lt'),
(73, 'Luxembourg', 'Euro', 'EUR', '€'),
(74, 'Macedonia', 'Denars', 'MKD', '???'),
(75, 'Malaysia', 'Ringgits', 'MYR', 'RM'),
(76, 'Malta', 'Euro', 'EUR', '€'),
(77, 'Mauritius', 'Rupees', 'MUR', '?'),
(78, 'Mexico', 'Pesos', 'MXN', '$'),
(79, 'Mongolia', 'Tugriks', 'MNT', '?'),
(80, 'Mozambique', 'Meticais', 'MZN', 'MT'),
(81, 'Namibia', 'Dollars', 'NAD', '$'),
(82, 'Nepal', 'Rupees', 'NPR', '?'),
(83, 'Netherlands Antilles', 'Guilders', 'ANG', 'ƒ'),
(84, 'Netherlands', 'Euro', 'EUR', '€'),
(85, 'New Zealand', 'Dollars', 'NZD', '$'),
(86, 'Nicaragua', 'Cordobas', 'NIO', 'C$'),
(87, 'Nigeria', 'Nairas', 'NGN', '?'),
(88, 'North Korea', 'Won', 'KPW', '?'),
(89, 'Norway', 'Krone', 'NOK', 'kr'),
(90, 'Oman', 'Rials', 'OMR', '?'),
(91, 'Pakistan', 'Rupees', 'PKR', '?'),
(92, 'Panama', 'Balboa', 'PAB', 'B/.'),
(93, 'Paraguay', 'Guarani', 'PYG', 'Gs'),
(94, 'Peru', 'Nuevos Soles', 'PEN', 'S/.'),
(95, 'Philippines', 'Pesos', 'PHP', 'Php'),
(96, 'Poland', 'Zlotych', 'PLN', 'z?'),
(97, 'Qatar', 'Rials', 'QAR', '?'),
(98, 'Romania', 'New Lei', 'RON', 'lei'),
(99, 'Russia', 'Rubles', 'RUB', '???'),
(100, 'Saint Helena', 'Pounds', 'SHP', '£'),
(101, 'Saudi Arabia', 'Riyals', 'SAR', '?'),
(102, 'Serbia', 'Dinars', 'RSD', '???.'),
(103, 'Seychelles', 'Rupees', 'SCR', '?'),
(104, 'Singapore', 'Dollars', 'SGD', '$'),
(105, 'Slovenia', 'Euro', 'EUR', '€'),
(106, 'Solomon Islands', 'Dollars', 'SBD', '$'),
(107, 'Somalia', 'Shillings', 'SOS', 'S'),
(108, 'South Africa', 'Rand', 'ZAR', 'R'),
(109, 'South Korea', 'Won', 'KRW', '?'),
(110, 'Spain', 'Euro', 'EUR', '€'),
(111, 'Sri Lanka', 'Rupees', 'LKR', '?'),
(112, 'Sweden', 'Kronor', 'SEK', 'kr'),
(113, 'Switzerland', 'Francs', 'CHF', 'CHF'),
(114, 'Suriname', 'Dollars', 'SRD', '$'),
(115, 'Syria', 'Pounds', 'SYP', '£'),
(116, 'Taiwan', 'New Dollars', 'TWD', 'NT$'),
(117, 'Thailand', 'Baht', 'THB', '?'),
(118, 'Trinidad and Tobago', 'Dollars', 'TTD', 'TT$'),
(119, 'Turkey', 'Lira', 'TRY', 'TL'),
(120, 'Turkey', 'Liras', 'TRL', '£'),
(121, 'Tuvalu', 'Dollars', 'TVD', '$'),
(122, 'Ukraine', 'Hryvnia', 'UAH', '?'),
(123, 'United Kingdom', 'Pounds', 'GBP', '£'),
(124, 'United States of America', 'Dollars', 'USD', '$'),
(125, 'Uruguay', 'Pesos', 'UYU', '$U'),
(126, 'Uzbekistan', 'Sums', 'UZS', '??'),
(127, 'Vatican City', 'Euro', 'EUR', '€'),
(128, 'Venezuela', 'Bolivares Fuertes', 'VEF', 'Bs'),
(129, 'Vietnam', 'Dong', 'VND', '?'),
(130, 'Yemen', 'Rials', 'YER', '?'),
(131, 'Zimbabwe', 'Zimbabwe Dollars', 'ZWD', 'Z$');

-- --------------------------------------------------------

--
-- Table structure for table `image_thumbnails`
--

CREATE TABLE `image_thumbnails` (
  `id` int(10) UNSIGNED NOT NULL,
  `thumbnail_name` text COLLATE utf8mb4_unicode_ci NOT NULL,
  `thumbnail_path` text COLLATE utf8mb4_unicode_ci NOT NULL,
  `thumbnail_size` double NOT NULL,
  `alias` text COLLATE utf8mb4_unicode_ci NOT NULL,
  `image_id` int(10) UNSIGNED NOT NULL,
  `album_id` char(36) COLLATE utf8mb4_unicode_ci NOT NULL,
  `created_at` timestamp NULL DEFAULT NULL,
  `updated_at` timestamp NULL DEFAULT NULL,
  `user_id` char(36) COLLATE utf8mb4_unicode_ci NOT NULL
) ENGINE=InnoDB DEFAULT CHARSET=utf8mb4 COLLATE=utf8mb4_unicode_ci;

--
-- Dumping data for table `image_thumbnails`
--

INSERT INTO `image_thumbnails` (`id`, `thumbnail_name`, `thumbnail_path`, `thumbnail_size`, `alias`, `image_id`, `album_id`, `created_at`, `updated_at`, `user_id`) VALUES
(484, 'thumb_415733e4-f28f-52ad-89e4-a7dbe01811c8_426d42_d06baaf256bc54531b4a713dd070e5a0.png', 'image_thumbnails/johndoe@example.com/415733e4-f28f-52ad-89e4-a7dbe01811c8/thumb_415733e4-f28f-52ad-89e4-a7dbe01811c8_426d42_d06baaf256bc54531b4a713dd070e5a0.png', 112559, '426d42_d06baaf256bc54531b4a713dd070e5a0.png', 494, '415733e4-f28f-52ad-89e4-a7dbe01811c8', '2017-08-18 00:32:17', '2017-08-18 00:32:17', '983ac884-2762-3e85-a7b7-51013cfd1a11'),
(485, 'thumb_415733e4-f28f-52ad-89e4-a7dbe01811c8_aekv5ijI.jpg', 'image_thumbnails/johndoe@example.com/415733e4-f28f-52ad-89e4-a7dbe01811c8/thumb_415733e4-f28f-52ad-89e4-a7dbe01811c8_aekv5ijI.jpg', 6384, 'aekv5ijI.jpg', 495, '415733e4-f28f-52ad-89e4-a7dbe01811c8', '2017-08-18 00:32:17', '2017-08-18 00:32:17', '983ac884-2762-3e85-a7b7-51013cfd1a11'),
(486, 'thumb_415733e4-f28f-52ad-89e4-a7dbe01811c8_abstract-icon.png', 'image_thumbnails/johndoe@example.com/415733e4-f28f-52ad-89e4-a7dbe01811c8/thumb_415733e4-f28f-52ad-89e4-a7dbe01811c8_abstract-icon.png', 29390, 'abstract-icon.png', 496, '415733e4-f28f-52ad-89e4-a7dbe01811c8', '2017-08-18 00:32:17', '2017-08-18 00:32:17', '983ac884-2762-3e85-a7b7-51013cfd1a11'),
(487, 'thumb_415733e4-f28f-52ad-89e4-a7dbe01811c8_ayam_goreng.jpg', 'image_thumbnails/johndoe@example.com/415733e4-f28f-52ad-89e4-a7dbe01811c8/thumb_415733e4-f28f-52ad-89e4-a7dbe01811c8_ayam_goreng.jpg', 34332, 'ayam_goreng.jpg', 497, '415733e4-f28f-52ad-89e4-a7dbe01811c8', '2017-08-18 00:32:17', '2017-08-18 00:32:17', '983ac884-2762-3e85-a7b7-51013cfd1a11'),
(488, 'thumb_415733e4-f28f-52ad-89e4-a7dbe01811c8_Audi R8 6.jpg', 'image_thumbnails/johndoe@example.com/415733e4-f28f-52ad-89e4-a7dbe01811c8/thumb_415733e4-f28f-52ad-89e4-a7dbe01811c8_Audi R8 6.jpg', 94071, 'Audi R8 6.jpg', 498, '415733e4-f28f-52ad-89e4-a7dbe01811c8', '2017-08-18 00:32:17', '2017-08-18 00:32:17', '983ac884-2762-3e85-a7b7-51013cfd1a11'),
(489, 'thumb_415733e4-f28f-52ad-89e4-a7dbe01811c8_691f0d0fed7f0f61f030366b9de8d1ed.jpg', 'image_thumbnails/johndoe@example.com/415733e4-f28f-52ad-89e4-a7dbe01811c8/thumb_415733e4-f28f-52ad-89e4-a7dbe01811c8_691f0d0fed7f0f61f030366b9de8d1ed.jpg', 148983, '691f0d0fed7f0f61f030366b9de8d1ed.jpg', 499, '415733e4-f28f-52ad-89e4-a7dbe01811c8', '2017-08-18 00:32:17', '2017-08-18 00:32:17', '983ac884-2762-3e85-a7b7-51013cfd1a11'),
(490, 'thumb_415733e4-f28f-52ad-89e4-a7dbe01811c8_ayam-mentega.jpg', 'image_thumbnails/johndoe@example.com/415733e4-f28f-52ad-89e4-a7dbe01811c8/thumb_415733e4-f28f-52ad-89e4-a7dbe01811c8_ayam-mentega.jpg', 105965, 'ayam-mentega.jpg', 500, '415733e4-f28f-52ad-89e4-a7dbe01811c8', '2017-08-18 00:32:18', '2017-08-18 00:32:18', '983ac884-2762-3e85-a7b7-51013cfd1a11'),
(491, 'thumb_415733e4-f28f-52ad-89e4-a7dbe01811c8_Glass-Of-Drink-Photography-Images-Wallpaper-HD-Desktop-Mobile-9299934843.jpg', 'image_thumbnails/johndoe@example.com/415733e4-f28f-52ad-89e4-a7dbe01811c8/thumb_415733e4-f28f-52ad-89e4-a7dbe01811c8_Glass-Of-Drink-Photography-Images-Wallpaper-HD-Desktop-Mobile-9299934843.jpg', 92702, 'Glass-Of-Drink-Photography-Images-Wallpaper-HD-Desktop-Mobile-9299934843.jpg', 501, '415733e4-f28f-52ad-89e4-a7dbe01811c8', '2017-08-18 00:32:18', '2017-08-18 00:32:18', '983ac884-2762-3e85-a7b7-51013cfd1a11'),
(492, 'thumb_415733e4-f28f-52ad-89e4-a7dbe01811c8_norwegian-cabin-hd-wallpaper.jpg', 'image_thumbnails/johndoe@example.com/415733e4-f28f-52ad-89e4-a7dbe01811c8/thumb_415733e4-f28f-52ad-89e4-a7dbe01811c8_norwegian-cabin-hd-wallpaper.jpg', 59287, 'norwegian-cabin-hd-wallpaper.jpg', 502, '415733e4-f28f-52ad-89e4-a7dbe01811c8', '2017-08-18 00:32:18', '2017-08-18 00:32:18', '983ac884-2762-3e85-a7b7-51013cfd1a11'),
(493, 'thumb_415733e4-f28f-52ad-89e4-a7dbe01811c8_Blue+Website+Background.png', 'image_thumbnails/johndoe@example.com/415733e4-f28f-52ad-89e4-a7dbe01811c8/thumb_415733e4-f28f-52ad-89e4-a7dbe01811c8_Blue+Website+Background.png', 415693, 'Blue+Website+Background.png', 503, '415733e4-f28f-52ad-89e4-a7dbe01811c8', '2017-08-18 00:32:18', '2017-08-18 00:32:18', '983ac884-2762-3e85-a7b7-51013cfd1a11'),
(494, 'thumb_415733e4-f28f-52ad-89e4-a7dbe01811c8_high-resolution-wallpapers-17.jpg', 'image_thumbnails/johndoe@example.com/415733e4-f28f-52ad-89e4-a7dbe01811c8/thumb_415733e4-f28f-52ad-89e4-a7dbe01811c8_high-resolution-wallpapers-17.jpg', 167695, 'high-resolution-wallpapers-17.jpg', 504, '415733e4-f28f-52ad-89e4-a7dbe01811c8', '2017-08-18 00:32:18', '2017-08-18 00:32:18', '983ac884-2762-3e85-a7b7-51013cfd1a11'),
(495, 'thumb_415733e4-f28f-52ad-89e4-a7dbe01811c8_Opera-Background-Blue-Bubbles.png', 'image_thumbnails/johndoe@example.com/415733e4-f28f-52ad-89e4-a7dbe01811c8/thumb_415733e4-f28f-52ad-89e4-a7dbe01811c8_Opera-Background-Blue-Bubbles.png', 442682, 'Opera-Background-Blue-Bubbles.png', 505, '415733e4-f28f-52ad-89e4-a7dbe01811c8', '2017-08-18 00:32:19', '2017-08-18 00:32:19', '983ac884-2762-3e85-a7b7-51013cfd1a11'),
(496, 'thumb_415733e4-f28f-52ad-89e4-a7dbe01811c8_Screenshot from 2017-02-20 15-03-28.png', 'image_thumbnails/johndoe@example.com/415733e4-f28f-52ad-89e4-a7dbe01811c8/thumb_415733e4-f28f-52ad-89e4-a7dbe01811c8_Screenshot from 2017-02-20 15-03-28.png', 629728, 'Screenshot from 2017-02-20 15-03-28.png', 506, '415733e4-f28f-52ad-89e4-a7dbe01811c8', '2017-08-18 00:32:20', '2017-08-18 00:32:20', '983ac884-2762-3e85-a7b7-51013cfd1a11'),
(525, 'thumb_a61a5684-1815-5df9-b392-f0afee2b3cda_426d42_d06baaf256bc54531b4a713dd070e5a0.png', 'image_thumbnails/johndoe@example.com/a61a5684-1815-5df9-b392-f0afee2b3cda/thumb_a61a5684-1815-5df9-b392-f0afee2b3cda_426d42_d06baaf256bc54531b4a713dd070e5a0.png', 112559, '426d42_d06baaf256bc54531b4a713dd070e5a0.png', 535, 'a61a5684-1815-5df9-b392-f0afee2b3cda', '2017-08-18 00:42:22', '2017-08-18 00:42:22', '983ac884-2762-3e85-a7b7-51013cfd1a11'),
(526, 'thumb_a61a5684-1815-5df9-b392-f0afee2b3cda_aekv5ijI.jpg', 'image_thumbnails/johndoe@example.com/a61a5684-1815-5df9-b392-f0afee2b3cda/thumb_a61a5684-1815-5df9-b392-f0afee2b3cda_aekv5ijI.jpg', 6384, 'aekv5ijI.jpg', 536, 'a61a5684-1815-5df9-b392-f0afee2b3cda', '2017-08-18 00:42:22', '2017-08-18 00:42:22', '983ac884-2762-3e85-a7b7-51013cfd1a11'),
(527, 'thumb_a61a5684-1815-5df9-b392-f0afee2b3cda_abstract-icon.png', 'image_thumbnails/johndoe@example.com/a61a5684-1815-5df9-b392-f0afee2b3cda/thumb_a61a5684-1815-5df9-b392-f0afee2b3cda_abstract-icon.png', 29390, 'abstract-icon.png', 537, 'a61a5684-1815-5df9-b392-f0afee2b3cda', '2017-08-18 00:42:23', '2017-08-18 00:42:23', '983ac884-2762-3e85-a7b7-51013cfd1a11'),
(528, 'thumb_a61a5684-1815-5df9-b392-f0afee2b3cda_ayam_goreng.jpg', 'image_thumbnails/johndoe@example.com/a61a5684-1815-5df9-b392-f0afee2b3cda/thumb_a61a5684-1815-5df9-b392-f0afee2b3cda_ayam_goreng.jpg', 34332, 'ayam_goreng.jpg', 538, 'a61a5684-1815-5df9-b392-f0afee2b3cda', '2017-08-18 00:42:23', '2017-08-18 00:42:23', '983ac884-2762-3e85-a7b7-51013cfd1a11'),
(529, 'thumb_a61a5684-1815-5df9-b392-f0afee2b3cda_chef-recomended-icon.jpg', 'image_thumbnails/johndoe@example.com/a61a5684-1815-5df9-b392-f0afee2b3cda/thumb_a61a5684-1815-5df9-b392-f0afee2b3cda_chef-recomended-icon.jpg', 22344, 'chef-recomended-icon.jpg', 539, 'a61a5684-1815-5df9-b392-f0afee2b3cda', '2017-08-18 00:42:23', '2017-08-18 00:42:23', '983ac884-2762-3e85-a7b7-51013cfd1a11'),
(530, 'thumb_a61a5684-1815-5df9-b392-f0afee2b3cda_Audi R8 6.jpg', 'image_thumbnails/johndoe@example.com/a61a5684-1815-5df9-b392-f0afee2b3cda/thumb_a61a5684-1815-5df9-b392-f0afee2b3cda_Audi R8 6.jpg', 94071, 'Audi R8 6.jpg', 540, 'a61a5684-1815-5df9-b392-f0afee2b3cda', '2017-08-18 00:42:23', '2017-08-18 00:42:23', '983ac884-2762-3e85-a7b7-51013cfd1a11'),
(531, 'thumb_a61a5684-1815-5df9-b392-f0afee2b3cda_691f0d0fed7f0f61f030366b9de8d1ed.jpg', 'image_thumbnails/johndoe@example.com/a61a5684-1815-5df9-b392-f0afee2b3cda/thumb_a61a5684-1815-5df9-b392-f0afee2b3cda_691f0d0fed7f0f61f030366b9de8d1ed.jpg', 148983, '691f0d0fed7f0f61f030366b9de8d1ed.jpg', 541, 'a61a5684-1815-5df9-b392-f0afee2b3cda', '2017-08-18 00:42:24', '2017-08-18 00:42:24', '983ac884-2762-3e85-a7b7-51013cfd1a11'),
(532, 'thumb_a61a5684-1815-5df9-b392-f0afee2b3cda_ayam-mentega.jpg', 'image_thumbnails/johndoe@example.com/a61a5684-1815-5df9-b392-f0afee2b3cda/thumb_a61a5684-1815-5df9-b392-f0afee2b3cda_ayam-mentega.jpg', 105965, 'ayam-mentega.jpg', 542, 'a61a5684-1815-5df9-b392-f0afee2b3cda', '2017-08-18 00:42:24', '2017-08-18 00:42:24', '983ac884-2762-3e85-a7b7-51013cfd1a11'),
(533, 'thumb_a61a5684-1815-5df9-b392-f0afee2b3cda_Glass-Of-Drink-Photography-Images-Wallpaper-HD-Desktop-Mobile-9299934843.jpg', 'image_thumbnails/johndoe@example.com/a61a5684-1815-5df9-b392-f0afee2b3cda/thumb_a61a5684-1815-5df9-b392-f0afee2b3cda_Glass-Of-Drink-Photography-Images-Wallpaper-HD-Desktop-Mobile-9299934843.jpg', 92702, 'Glass-Of-Drink-Photography-Images-Wallpaper-HD-Desktop-Mobile-9299934843.jpg', 543, 'a61a5684-1815-5df9-b392-f0afee2b3cda', '2017-08-18 00:42:24', '2017-08-18 00:42:24', '983ac884-2762-3e85-a7b7-51013cfd1a11'),
(534, 'thumb_a61a5684-1815-5df9-b392-f0afee2b3cda_norwegian-cabin-hd-wallpaper.jpg', 'image_thumbnails/johndoe@example.com/a61a5684-1815-5df9-b392-f0afee2b3cda/thumb_a61a5684-1815-5df9-b392-f0afee2b3cda_norwegian-cabin-hd-wallpaper.jpg', 59287, 'norwegian-cabin-hd-wallpaper.jpg', 544, 'a61a5684-1815-5df9-b392-f0afee2b3cda', '2017-08-18 00:42:24', '2017-08-18 00:42:24', '983ac884-2762-3e85-a7b7-51013cfd1a11'),
(535, 'thumb_a61a5684-1815-5df9-b392-f0afee2b3cda_resep-tumis-capcay-sederhana.jpg', 'image_thumbnails/johndoe@example.com/a61a5684-1815-5df9-b392-f0afee2b3cda/thumb_a61a5684-1815-5df9-b392-f0afee2b3cda_resep-tumis-capcay-sederhana.jpg', 63526, 'resep-tumis-capcay-sederhana.jpg', 545, 'a61a5684-1815-5df9-b392-f0afee2b3cda', '2017-08-18 00:42:24', '2017-08-18 00:42:24', '983ac884-2762-3e85-a7b7-51013cfd1a11'),
(536, 'thumb_a61a5684-1815-5df9-b392-f0afee2b3cda_Blue+Website+Background.png', 'image_thumbnails/johndoe@example.com/a61a5684-1815-5df9-b392-f0afee2b3cda/thumb_a61a5684-1815-5df9-b392-f0afee2b3cda_Blue+Website+Background.png', 415693, 'Blue+Website+Background.png', 546, 'a61a5684-1815-5df9-b392-f0afee2b3cda', '2017-08-18 00:42:25', '2017-08-18 00:42:25', '983ac884-2762-3e85-a7b7-51013cfd1a11'),
(537, 'thumb_a61a5684-1815-5df9-b392-f0afee2b3cda_high-resolution-wallpapers-17.jpg', 'image_thumbnails/johndoe@example.com/a61a5684-1815-5df9-b392-f0afee2b3cda/thumb_a61a5684-1815-5df9-b392-f0afee2b3cda_high-resolution-wallpapers-17.jpg', 167695, 'high-resolution-wallpapers-17.jpg', 547, 'a61a5684-1815-5df9-b392-f0afee2b3cda', '2017-08-18 00:42:25', '2017-08-18 00:42:25', '983ac884-2762-3e85-a7b7-51013cfd1a11'),
(538, 'thumb_a61a5684-1815-5df9-b392-f0afee2b3cda_japanese_food-wallpaper-1440x960.jpg', 'image_thumbnails/johndoe@example.com/a61a5684-1815-5df9-b392-f0afee2b3cda/thumb_a61a5684-1815-5df9-b392-f0afee2b3cda_japanese_food-wallpaper-1440x960.jpg', 154138, 'japanese_food-wallpaper-1440x960.jpg', 548, 'a61a5684-1815-5df9-b392-f0afee2b3cda', '2017-08-18 00:42:25', '2017-08-18 00:42:25', '983ac884-2762-3e85-a7b7-51013cfd1a11'),
(539, 'thumb_a61a5684-1815-5df9-b392-f0afee2b3cda_Opera-Background-Blue-Bubbles.png', 'image_thumbnails/johndoe@example.com/a61a5684-1815-5df9-b392-f0afee2b3cda/thumb_a61a5684-1815-5df9-b392-f0afee2b3cda_Opera-Background-Blue-Bubbles.png', 442682, 'Opera-Background-Blue-Bubbles.png', 549, 'a61a5684-1815-5df9-b392-f0afee2b3cda', '2017-08-18 00:42:25', '2017-08-18 00:42:25', '983ac884-2762-3e85-a7b7-51013cfd1a11'),
(540, 'thumb_a61a5684-1815-5df9-b392-f0afee2b3cda_Screenshot from 2017-02-20 15-03-28.png', 'image_thumbnails/johndoe@example.com/a61a5684-1815-5df9-b392-f0afee2b3cda/thumb_a61a5684-1815-5df9-b392-f0afee2b3cda_Screenshot from 2017-02-20 15-03-28.png', 629728, 'Screenshot from 2017-02-20 15-03-28.png', 550, 'a61a5684-1815-5df9-b392-f0afee2b3cda', '2017-08-18 00:42:26', '2017-08-18 00:42:26', '983ac884-2762-3e85-a7b7-51013cfd1a11'),
(541, 'thumb_e6a1686a-2325-5679-9ec0-6575f770fe57_sports.png', 'image_thumbnails/johndoe@example.com/e6a1686a-2325-5679-9ec0-6575f770fe57/thumb_e6a1686a-2325-5679-9ec0-6575f770fe57_sports.png', 20186, 'sports.png', 551, 'e6a1686a-2325-5679-9ec0-6575f770fe57', '2017-08-18 00:44:05', '2017-08-18 00:44:05', '983ac884-2762-3e85-a7b7-51013cfd1a11'),
(542, 'thumb_e6a1686a-2325-5679-9ec0-6575f770fe57_Stonefirev2.png', 'image_thumbnails/johndoe@example.com/e6a1686a-2325-5679-9ec0-6575f770fe57/thumb_e6a1686a-2325-5679-9ec0-6575f770fe57_Stonefirev2.png', 41058, 'Stonefirev2.png', 552, 'e6a1686a-2325-5679-9ec0-6575f770fe57', '2017-08-18 00:44:05', '2017-08-18 00:44:05', '983ac884-2762-3e85-a7b7-51013cfd1a11'),
(543, 'thumb_e6a1686a-2325-5679-9ec0-6575f770fe57_tech-icon.png', 'image_thumbnails/johndoe@example.com/e6a1686a-2325-5679-9ec0-6575f770fe57/thumb_e6a1686a-2325-5679-9ec0-6575f770fe57_tech-icon.png', 39295, 'tech-icon.png', 553, 'e6a1686a-2325-5679-9ec0-6575f770fe57', '2017-08-18 00:44:05', '2017-08-18 00:44:05', '983ac884-2762-3e85-a7b7-51013cfd1a11'),
(544, 'thumb_e6a1686a-2325-5679-9ec0-6575f770fe57_unnamed.jpg', 'image_thumbnails/johndoe@example.com/e6a1686a-2325-5679-9ec0-6575f770fe57/thumb_e6a1686a-2325-5679-9ec0-6575f770fe57_unnamed.jpg', 29315, 'unnamed.jpg', 554, 'e6a1686a-2325-5679-9ec0-6575f770fe57', '2017-08-18 00:44:05', '2017-08-18 00:44:05', '983ac884-2762-3e85-a7b7-51013cfd1a11'),
(545, 'thumb_e6a1686a-2325-5679-9ec0-6575f770fe57_user-default.png', 'image_thumbnails/johndoe@example.com/e6a1686a-2325-5679-9ec0-6575f770fe57/thumb_e6a1686a-2325-5679-9ec0-6575f770fe57_user-default.png', 43083, 'user-default.png', 555, 'e6a1686a-2325-5679-9ec0-6575f770fe57', '2017-08-18 00:44:05', '2017-08-18 00:44:05', '983ac884-2762-3e85-a7b7-51013cfd1a11'),
(546, 'thumb_e6a1686a-2325-5679-9ec0-6575f770fe57_user-icon1.png', 'image_thumbnails/johndoe@example.com/e6a1686a-2325-5679-9ec0-6575f770fe57/thumb_e6a1686a-2325-5679-9ec0-6575f770fe57_user-icon1.png', 30401, 'user-icon1.png', 556, 'e6a1686a-2325-5679-9ec0-6575f770fe57', '2017-08-18 00:44:06', '2017-08-18 00:44:06', '983ac884-2762-3e85-a7b7-51013cfd1a11'),
(547, 'thumb_e6a1686a-2325-5679-9ec0-6575f770fe57_wallpaper2.jpg', 'image_thumbnails/johndoe@example.com/e6a1686a-2325-5679-9ec0-6575f770fe57/thumb_e6a1686a-2325-5679-9ec0-6575f770fe57_wallpaper2.jpg', 208744, 'wallpaper2.jpg', 557, 'e6a1686a-2325-5679-9ec0-6575f770fe57', '2017-08-18 00:44:06', '2017-08-18 00:44:06', '983ac884-2762-3e85-a7b7-51013cfd1a11'),
(548, 'thumb_e6a1686a-2325-5679-9ec0-6575f770fe57_wallpaper1.jpg', 'image_thumbnails/johndoe@example.com/e6a1686a-2325-5679-9ec0-6575f770fe57/thumb_e6a1686a-2325-5679-9ec0-6575f770fe57_wallpaper1.jpg', 259831, 'wallpaper1.jpg', 558, 'e6a1686a-2325-5679-9ec0-6575f770fe57', '2017-08-18 00:44:06', '2017-08-18 00:44:06', '983ac884-2762-3e85-a7b7-51013cfd1a11'),
(549, 'thumb_e6a1686a-2325-5679-9ec0-6575f770fe57_worship.png', 'image_thumbnails/johndoe@example.com/e6a1686a-2325-5679-9ec0-6575f770fe57/thumb_e6a1686a-2325-5679-9ec0-6575f770fe57_worship.png', 285072, 'worship.png', 559, 'e6a1686a-2325-5679-9ec0-6575f770fe57', '2017-08-18 00:44:06', '2017-08-18 00:44:06', '983ac884-2762-3e85-a7b7-51013cfd1a11'),
(550, 'thumb_e6a1686a-2325-5679-9ec0-6575f770fe57_worship-lyric-projection.jpg', 'image_thumbnails/johndoe@example.com/e6a1686a-2325-5679-9ec0-6575f770fe57/thumb_e6a1686a-2325-5679-9ec0-6575f770fe57_worship-lyric-projection.jpg', 95118, 'worship-lyric-projection.jpg', 560, 'e6a1686a-2325-5679-9ec0-6575f770fe57', '2017-08-18 00:44:07', '2017-08-18 00:44:07', '983ac884-2762-3e85-a7b7-51013cfd1a11'),
(551, 'thumb_e6a1686a-2325-5679-9ec0-6575f770fe57_wallpaper3.jpg', 'image_thumbnails/johndoe@example.com/e6a1686a-2325-5679-9ec0-6575f770fe57/thumb_e6a1686a-2325-5679-9ec0-6575f770fe57_wallpaper3.jpg', 357779, 'wallpaper3.jpg', 561, 'e6a1686a-2325-5679-9ec0-6575f770fe57', '2017-08-18 00:44:07', '2017-08-18 00:44:07', '983ac884-2762-3e85-a7b7-51013cfd1a11'),
(552, 'thumb_e6a1686a-2325-5679-9ec0-6575f770fe57_wallpaper-1332251.jpg', 'image_thumbnails/johndoe@example.com/e6a1686a-2325-5679-9ec0-6575f770fe57/thumb_e6a1686a-2325-5679-9ec0-6575f770fe57_wallpaper-1332251.jpg', 175578, 'wallpaper-1332251.jpg', 562, 'e6a1686a-2325-5679-9ec0-6575f770fe57', '2017-08-18 00:44:07', '2017-08-18 00:44:07', '983ac884-2762-3e85-a7b7-51013cfd1a11'),
(553, 'thumb_e6a1686a-2325-5679-9ec0-6575f770fe57_Snake_River_(5mb).jpg', 'image_thumbnails/johndoe@example.com/e6a1686a-2325-5679-9ec0-6575f770fe57/thumb_e6a1686a-2325-5679-9ec0-6575f770fe57_Snake_River_(5mb).jpg', 2686615, 'Snake_River_(5mb).jpg', 563, 'e6a1686a-2325-5679-9ec0-6575f770fe57', '2017-08-18 00:44:08', '2017-08-18 00:44:08', '983ac884-2762-3e85-a7b7-51013cfd1a11'),
(554, 'thumb_2961f940-04c0-5584-8387-f1d05a4f8690_loading-icon.gif', 'image_thumbnails/johndoe@example.com/2961f940-04c0-5584-8387-f1d05a4f8690/thumb_2961f940-04c0-5584-8387-f1d05a4f8690_loading-icon.gif', 2392, 'loading-icon.gif', 564, '2961f940-04c0-5584-8387-f1d05a4f8690', '2017-08-18 00:52:11', '2017-08-18 00:52:11', '983ac884-2762-3e85-a7b7-51013cfd1a11'),
(555, 'thumb_2961f940-04c0-5584-8387-f1d05a4f8690_high-resolution-wallpapers-17.jpg', 'image_thumbnails/johndoe@example.com/2961f940-04c0-5584-8387-f1d05a4f8690/thumb_2961f940-04c0-5584-8387-f1d05a4f8690_high-resolution-wallpapers-17.jpg', 167695, 'high-resolution-wallpapers-17.jpg', 565, '2961f940-04c0-5584-8387-f1d05a4f8690', '2017-08-18 00:52:11', '2017-08-18 00:52:11', '983ac884-2762-3e85-a7b7-51013cfd1a11'),
(556, 'thumb_2961f940-04c0-5584-8387-f1d05a4f8690_IMG_462174.jpg', 'image_thumbnails/johndoe@example.com/2961f940-04c0-5584-8387-f1d05a4f8690/thumb_2961f940-04c0-5584-8387-f1d05a4f8690_IMG_462174.jpg', 50102, 'IMG_462174.jpg', 566, '2961f940-04c0-5584-8387-f1d05a4f8690', '2017-08-18 00:52:11', '2017-08-18 00:52:11', '983ac884-2762-3e85-a7b7-51013cfd1a11'),
(557, 'thumb_2961f940-04c0-5584-8387-f1d05a4f8690_modern-icon.png', 'image_thumbnails/johndoe@example.com/2961f940-04c0-5584-8387-f1d05a4f8690/thumb_2961f940-04c0-5584-8387-f1d05a4f8690_modern-icon.png', 18490, 'modern-icon.png', 567, '2961f940-04c0-5584-8387-f1d05a4f8690', '2017-08-18 00:52:12', '2017-08-18 00:52:12', '983ac884-2762-3e85-a7b7-51013cfd1a11'),
(558, 'thumb_2961f940-04c0-5584-8387-f1d05a4f8690_Loyal_Customers_v2.jpg', 'image_thumbnails/johndoe@example.com/2961f940-04c0-5584-8387-f1d05a4f8690/thumb_2961f940-04c0-5584-8387-f1d05a4f8690_Loyal_Customers_v2.jpg', 31857, 'Loyal_Customers_v2.jpg', 568, '2961f940-04c0-5584-8387-f1d05a4f8690', '2017-08-18 00:52:12', '2017-08-18 00:52:12', '983ac884-2762-3e85-a7b7-51013cfd1a11'),
(559, 'thumb_2961f940-04c0-5584-8387-f1d05a4f8690_norwegian-cabin-hd-wallpaper.jpg', 'image_thumbnails/johndoe@example.com/2961f940-04c0-5584-8387-f1d05a4f8690/thumb_2961f940-04c0-5584-8387-f1d05a4f8690_norwegian-cabin-hd-wallpaper.jpg', 59287, 'norwegian-cabin-hd-wallpaper.jpg', 569, '2961f940-04c0-5584-8387-f1d05a4f8690', '2017-08-18 00:52:12', '2017-08-18 00:52:12', '983ac884-2762-3e85-a7b7-51013cfd1a11'),
(560, 'thumb_2961f940-04c0-5584-8387-f1d05a4f8690_japanese_food-wallpaper-1440x960.jpg', 'image_thumbnails/johndoe@example.com/2961f940-04c0-5584-8387-f1d05a4f8690/thumb_2961f940-04c0-5584-8387-f1d05a4f8690_japanese_food-wallpaper-1440x960.jpg', 154138, 'japanese_food-wallpaper-1440x960.jpg', 570, '2961f940-04c0-5584-8387-f1d05a4f8690', '2017-08-18 00:52:12', '2017-08-18 00:52:12', '983ac884-2762-3e85-a7b7-51013cfd1a11'),
(561, 'thumb_2961f940-04c0-5584-8387-f1d05a4f8690_Opera-Background-Blue-Bubbles.png', 'image_thumbnails/johndoe@example.com/2961f940-04c0-5584-8387-f1d05a4f8690/thumb_2961f940-04c0-5584-8387-f1d05a4f8690_Opera-Background-Blue-Bubbles.png', 442682, 'Opera-Background-Blue-Bubbles.png', 571, '2961f940-04c0-5584-8387-f1d05a4f8690', '2017-08-18 00:52:12', '2017-08-18 00:52:12', '983ac884-2762-3e85-a7b7-51013cfd1a11'),
(562, 'thumb_2961f940-04c0-5584-8387-f1d05a4f8690_login-logo.gif', 'image_thumbnails/johndoe@example.com/2961f940-04c0-5584-8387-f1d05a4f8690/thumb_2961f940-04c0-5584-8387-f1d05a4f8690_login-logo.gif', 63493, 'login-logo.gif', 572, '2961f940-04c0-5584-8387-f1d05a4f8690', '2017-08-18 00:52:13', '2017-08-18 00:52:13', '983ac884-2762-3e85-a7b7-51013cfd1a11'),
(563, 'thumb_2961f940-04c0-5584-8387-f1d05a4f8690_wallpaper3.jpg', 'image_thumbnails/johndoe@example.com/2961f940-04c0-5584-8387-f1d05a4f8690/thumb_2961f940-04c0-5584-8387-f1d05a4f8690_wallpaper3.jpg', 357779, 'wallpaper3.jpg', 573, '2961f940-04c0-5584-8387-f1d05a4f8690', '2017-08-18 00:52:13', '2017-08-18 00:52:13', '983ac884-2762-3e85-a7b7-51013cfd1a11'),
(564, 'thumb_2961f940-04c0-5584-8387-f1d05a4f8690_shadowsoftheclouds_2560x1440.jpg', 'image_thumbnails/johndoe@example.com/2961f940-04c0-5584-8387-f1d05a4f8690/thumb_2961f940-04c0-5584-8387-f1d05a4f8690_shadowsoftheclouds_2560x1440.jpg', 168094, 'shadowsoftheclouds_2560x1440.jpg', 574, '2961f940-04c0-5584-8387-f1d05a4f8690', '2017-08-18 00:52:13', '2017-08-18 00:52:13', '983ac884-2762-3e85-a7b7-51013cfd1a11'),
(565, 'thumb_2961f940-04c0-5584-8387-f1d05a4f8690_IMG_15744.jpg', 'image_thumbnails/johndoe@example.com/2961f940-04c0-5584-8387-f1d05a4f8690/thumb_2961f940-04c0-5584-8387-f1d05a4f8690_IMG_15744.jpg', 1679855, 'IMG_15744.jpg', 575, '2961f940-04c0-5584-8387-f1d05a4f8690', '2017-08-18 00:52:14', '2017-08-18 00:52:14', '983ac884-2762-3e85-a7b7-51013cfd1a11'),
(572, 'thumb_11acd6d8-60cf-5797-a6e2-6e427100b645_Audi R8 6.jpg', 'image_thumbnails/johndoe@example.com/11acd6d8-60cf-5797-a6e2-6e427100b645/thumb_11acd6d8-60cf-5797-a6e2-6e427100b645_Audi R8 6.jpg', 94071, 'Audi R8 6.jpg', 582, '11acd6d8-60cf-5797-a6e2-6e427100b645', '2017-08-18 01:51:10', '2017-08-18 01:51:10', '983ac884-2762-3e85-a7b7-51013cfd1a11'),
(573, 'thumb_11acd6d8-60cf-5797-a6e2-6e427100b645_abstract-icon.png', 'image_thumbnails/johndoe@example.com/11acd6d8-60cf-5797-a6e2-6e427100b645/thumb_11acd6d8-60cf-5797-a6e2-6e427100b645_abstract-icon.png', 29390, 'abstract-icon.png', 583, '11acd6d8-60cf-5797-a6e2-6e427100b645', '2017-08-18 01:51:13', '2017-08-18 01:51:13', '983ac884-2762-3e85-a7b7-51013cfd1a11'),
(574, 'thumb_11acd6d8-60cf-5797-a6e2-6e427100b645_earth-icon.png', 'image_thumbnails/johndoe@example.com/11acd6d8-60cf-5797-a6e2-6e427100b645/thumb_11acd6d8-60cf-5797-a6e2-6e427100b645_earth-icon.png', 27812, 'earth-icon.png', 584, '11acd6d8-60cf-5797-a6e2-6e427100b645', '2017-08-18 01:51:17', '2017-08-18 01:51:17', '983ac884-2762-3e85-a7b7-51013cfd1a11'),
(575, 'thumb_e54beff5-9eb5-5e54-ab6c-941e2f759c16_1_loading-icon.gif', 'image_thumbnails/johndoe@example.com/e54beff5-9eb5-5e54-ab6c-941e2f759c16/thumb_e54beff5-9eb5-5e54-ab6c-941e2f759c16_1_loading-icon.gif', 2392, 'loading-icon.gif', 585, 'e54beff5-9eb5-5e54-ab6c-941e2f759c16', '2017-08-20 21:37:13', '2017-08-20 21:37:13', '983ac884-2762-3e85-a7b7-51013cfd1a11'),
(576, 'thumb_e54beff5-9eb5-5e54-ab6c-941e2f759c16_4_midtrans.png', 'image_thumbnails/johndoe@example.com/e54beff5-9eb5-5e54-ab6c-941e2f759c16/thumb_e54beff5-9eb5-5e54-ab6c-941e2f759c16_4_midtrans.png', 14459, 'midtrans.png', 586, 'e54beff5-9eb5-5e54-ab6c-941e2f759c16', '2017-08-20 21:37:13', '2017-08-20 21:37:13', '983ac884-2762-3e85-a7b7-51013cfd1a11'),
(577, 'thumb_e54beff5-9eb5-5e54-ab6c-941e2f759c16_3_Loyal_Customers_v2.jpg', 'image_thumbnails/johndoe@example.com/e54beff5-9eb5-5e54-ab6c-941e2f759c16/thumb_e54beff5-9eb5-5e54-ab6c-941e2f759c16_3_Loyal_Customers_v2.jpg', 31857, 'Loyal_Customers_v2.jpg', 587, 'e54beff5-9eb5-5e54-ab6c-941e2f759c16', '2017-08-20 21:37:13', '2017-08-20 21:37:13', '983ac884-2762-3e85-a7b7-51013cfd1a11'),
(578, 'thumb_e54beff5-9eb5-5e54-ab6c-941e2f759c16_5_modern-icon.png', 'image_thumbnails/johndoe@example.com/e54beff5-9eb5-5e54-ab6c-941e2f759c16/thumb_e54beff5-9eb5-5e54-ab6c-941e2f759c16_5_modern-icon.png', 18490, 'modern-icon.png', 588, 'e54beff5-9eb5-5e54-ab6c-941e2f759c16', '2017-08-20 21:37:14', '2017-08-20 21:37:14', '983ac884-2762-3e85-a7b7-51013cfd1a11'),
(579, 'thumb_e54beff5-9eb5-5e54-ab6c-941e2f759c16_7_nature-icon.png', 'image_thumbnails/johndoe@example.com/e54beff5-9eb5-5e54-ab6c-941e2f759c16/thumb_e54beff5-9eb5-5e54-ab6c-941e2f759c16_7_nature-icon.png', 15796, 'nature-icon.png', 589, 'e54beff5-9eb5-5e54-ab6c-941e2f759c16', '2017-08-20 21:37:14', '2017-08-20 21:37:14', '983ac884-2762-3e85-a7b7-51013cfd1a11'),
(580, 'thumb_e54beff5-9eb5-5e54-ab6c-941e2f759c16_10_patient-icon.jpg', 'image_thumbnails/johndoe@example.com/e54beff5-9eb5-5e54-ab6c-941e2f759c16/thumb_e54beff5-9eb5-5e54-ab6c-941e2f759c16_10_patient-icon.jpg', 3826, 'patient-icon.jpg', 590, 'e54beff5-9eb5-5e54-ab6c-941e2f759c16', '2017-08-20 21:37:14', '2017-08-20 21:37:14', '983ac884-2762-3e85-a7b7-51013cfd1a11'),
(581, 'thumb_e54beff5-9eb5-5e54-ab6c-941e2f759c16_11_patient-icon.png', 'image_thumbnails/johndoe@example.com/e54beff5-9eb5-5e54-ab6c-941e2f759c16/thumb_e54beff5-9eb5-5e54-ab6c-941e2f759c16_11_patient-icon.png', 3364, 'patient-icon.png', 591, 'e54beff5-9eb5-5e54-ab6c-941e2f759c16', '2017-08-20 21:37:14', '2017-08-20 21:37:14', '983ac884-2762-3e85-a7b7-51013cfd1a11'),
(582, 'thumb_e54beff5-9eb5-5e54-ab6c-941e2f759c16_6_nasi_goreng.jpg', 'image_thumbnails/johndoe@example.com/e54beff5-9eb5-5e54-ab6c-941e2f759c16/thumb_e54beff5-9eb5-5e54-ab6c-941e2f759c16_6_nasi_goreng.jpg', 29537, 'nasi_goreng.jpg', 592, 'e54beff5-9eb5-5e54-ab6c-941e2f759c16', '2017-08-20 21:37:14', '2017-08-20 21:37:14', '983ac884-2762-3e85-a7b7-51013cfd1a11'),
(583, 'thumb_e54beff5-9eb5-5e54-ab6c-941e2f759c16_12_Paypal-icon.png', 'image_thumbnails/johndoe@example.com/e54beff5-9eb5-5e54-ab6c-941e2f759c16/thumb_e54beff5-9eb5-5e54-ab6c-941e2f759c16_12_Paypal-icon.png', 6019, 'Paypal-icon.png', 593, 'e54beff5-9eb5-5e54-ab6c-941e2f759c16', '2017-08-20 21:37:14', '2017-08-20 21:37:14', '983ac884-2762-3e85-a7b7-51013cfd1a11'),
(584, 'thumb_e54beff5-9eb5-5e54-ab6c-941e2f759c16_8_norwegian-cabin-hd-wallpaper.jpg', 'image_thumbnails/johndoe@example.com/e54beff5-9eb5-5e54-ab6c-941e2f759c16/thumb_e54beff5-9eb5-5e54-ab6c-941e2f759c16_8_norwegian-cabin-hd-wallpaper.jpg', 59287, 'norwegian-cabin-hd-wallpaper.jpg', 594, 'e54beff5-9eb5-5e54-ab6c-941e2f759c16', '2017-08-20 21:37:14', '2017-08-20 21:37:14', '983ac884-2762-3e85-a7b7-51013cfd1a11'),
(585, 'thumb_e54beff5-9eb5-5e54-ab6c-941e2f759c16_13_pig-icon.png', 'image_thumbnails/johndoe@example.com/e54beff5-9eb5-5e54-ab6c-941e2f759c16/thumb_e54beff5-9eb5-5e54-ab6c-941e2f759c16_13_pig-icon.png', 83431, 'pig-icon.png', 595, 'e54beff5-9eb5-5e54-ab6c-941e2f759c16', '2017-08-20 21:37:15', '2017-08-20 21:37:15', '983ac884-2762-3e85-a7b7-51013cfd1a11'),
(586, 'thumb_e54beff5-9eb5-5e54-ab6c-941e2f759c16_15_profile-01.jpg', 'image_thumbnails/johndoe@example.com/e54beff5-9eb5-5e54-ab6c-941e2f759c16/thumb_e54beff5-9eb5-5e54-ab6c-941e2f759c16_15_profile-01.jpg', 9573, 'profile-01.jpg', 596, 'e54beff5-9eb5-5e54-ab6c-941e2f759c16', '2017-08-20 21:37:15', '2017-08-20 21:37:15', '983ac884-2762-3e85-a7b7-51013cfd1a11'),
(587, 'thumb_e54beff5-9eb5-5e54-ab6c-941e2f759c16_17_queue_logo.png', 'image_thumbnails/johndoe@example.com/e54beff5-9eb5-5e54-ab6c-941e2f759c16/thumb_e54beff5-9eb5-5e54-ab6c-941e2f759c16_17_queue_logo.png', 9628, 'queue_logo.png', 597, 'e54beff5-9eb5-5e54-ab6c-941e2f759c16', '2017-08-20 21:37:15', '2017-08-20 21:37:15', '983ac884-2762-3e85-a7b7-51013cfd1a11'),
(588, 'thumb_e54beff5-9eb5-5e54-ab6c-941e2f759c16_16_qrcode.jpg', 'image_thumbnails/johndoe@example.com/e54beff5-9eb5-5e54-ab6c-941e2f759c16/thumb_e54beff5-9eb5-5e54-ab6c-941e2f759c16_16_qrcode.jpg', 35244, 'qrcode.jpg', 598, 'e54beff5-9eb5-5e54-ab6c-941e2f759c16', '2017-08-20 21:37:15', '2017-08-20 21:37:15', '983ac884-2762-3e85-a7b7-51013cfd1a11'),
(589, 'thumb_e54beff5-9eb5-5e54-ab6c-941e2f759c16_9_Opera-Background-Blue-Bubbles.png', 'image_thumbnails/johndoe@example.com/e54beff5-9eb5-5e54-ab6c-941e2f759c16/thumb_e54beff5-9eb5-5e54-ab6c-941e2f759c16_9_Opera-Background-Blue-Bubbles.png', 442682, 'Opera-Background-Blue-Bubbles.png', 599, 'e54beff5-9eb5-5e54-ab6c-941e2f759c16', '2017-08-20 21:37:15', '2017-08-20 21:37:15', '983ac884-2762-3e85-a7b7-51013cfd1a11'),
(590, 'thumb_e54beff5-9eb5-5e54-ab6c-941e2f759c16_14_plane-1.jpg', 'image_thumbnails/johndoe@example.com/e54beff5-9eb5-5e54-ab6c-941e2f759c16/thumb_e54beff5-9eb5-5e54-ab6c-941e2f759c16_14_plane-1.jpg', 627314, 'plane-1.jpg', 600, 'e54beff5-9eb5-5e54-ab6c-941e2f759c16', '2017-08-20 21:37:16', '2017-08-20 21:37:16', '983ac884-2762-3e85-a7b7-51013cfd1a11'),
(591, 'thumb_e54beff5-9eb5-5e54-ab6c-941e2f759c16_2_login-logo.gif', 'image_thumbnails/johndoe@example.com/e54beff5-9eb5-5e54-ab6c-941e2f759c16/thumb_e54beff5-9eb5-5e54-ab6c-941e2f759c16_2_login-logo.gif', 63493, 'login-logo.gif', 601, 'e54beff5-9eb5-5e54-ab6c-941e2f759c16', '2017-08-20 21:37:16', '2017-08-20 21:37:16', '983ac884-2762-3e85-a7b7-51013cfd1a11'),
(604, 'thumb_2840b1d5-bd2a-53a4-a315-f617dbd61507_4_user-icon1.png', 'image_thumbnails/johndoe@example.com/2840b1d5-bd2a-53a4-a315-f617dbd61507/thumb_2840b1d5-bd2a-53a4-a315-f617dbd61507_4_user-icon1.png', 30401, '4_user-icon1.png', 614, '2840b1d5-bd2a-53a4-a315-f617dbd61507', '2017-08-21 22:15:50', '2017-08-21 22:15:50', '983ac884-2762-3e85-a7b7-51013cfd1a11'),
(605, 'thumb_2840b1d5-bd2a-53a4-a315-f617dbd61507_2_wallpaper2.jpg', 'image_thumbnails/johndoe@example.com/2840b1d5-bd2a-53a4-a315-f617dbd61507/thumb_2840b1d5-bd2a-53a4-a315-f617dbd61507_2_wallpaper2.jpg', 208744, '2_wallpaper2.jpg', 615, '2840b1d5-bd2a-53a4-a315-f617dbd61507', '2017-08-21 22:15:50', '2017-08-21 22:15:50', '983ac884-2762-3e85-a7b7-51013cfd1a11'),
(606, 'thumb_2840b1d5-bd2a-53a4-a315-f617dbd61507_3_wallpaper1.jpg', 'image_thumbnails/johndoe@example.com/2840b1d5-bd2a-53a4-a315-f617dbd61507/thumb_2840b1d5-bd2a-53a4-a315-f617dbd61507_3_wallpaper1.jpg', 259831, '3_wallpaper1.jpg', 616, '2840b1d5-bd2a-53a4-a315-f617dbd61507', '2017-08-21 22:15:50', '2017-08-21 22:15:50', '983ac884-2762-3e85-a7b7-51013cfd1a11'),
(607, 'thumb_2840b1d5-bd2a-53a4-a315-f617dbd61507_1_wallpaper3.jpg', 'image_thumbnails/johndoe@example.com/2840b1d5-bd2a-53a4-a315-f617dbd61507/thumb_2840b1d5-bd2a-53a4-a315-f617dbd61507_1_wallpaper3.jpg', 357779, '1_wallpaper3.jpg', 617, '2840b1d5-bd2a-53a4-a315-f617dbd61507', '2017-08-21 22:15:51', '2017-08-21 22:15:51', '983ac884-2762-3e85-a7b7-51013cfd1a11'),
(608, 'thumb_11f811cd-e345-5da0-8b17-7a2d3be814fc_user-icon1.png', 'image_thumbnails/johndoe@example.com/11f811cd-e345-5da0-8b17-7a2d3be814fc/thumb_11f811cd-e345-5da0-8b17-7a2d3be814fc_user-icon1.png', 30401, 'user-icon1.png', 618, '11f811cd-e345-5da0-8b17-7a2d3be814fc', '2017-08-22 00:55:42', '2017-08-22 00:55:42', '983ac884-2762-3e85-a7b7-51013cfd1a11'),
(609, 'thumb_11f811cd-e345-5da0-8b17-7a2d3be814fc_wallpaper2.jpg', 'image_thumbnails/johndoe@example.com/11f811cd-e345-5da0-8b17-7a2d3be814fc/thumb_11f811cd-e345-5da0-8b17-7a2d3be814fc_wallpaper2.jpg', 208744, 'wallpaper2.jpg', 619, '11f811cd-e345-5da0-8b17-7a2d3be814fc', '2017-08-22 00:55:42', '2017-08-22 00:55:42', '983ac884-2762-3e85-a7b7-51013cfd1a11'),
(610, 'thumb_11f811cd-e345-5da0-8b17-7a2d3be814fc_wallpaper1.jpg', 'image_thumbnails/johndoe@example.com/11f811cd-e345-5da0-8b17-7a2d3be814fc/thumb_11f811cd-e345-5da0-8b17-7a2d3be814fc_wallpaper1.jpg', 259831, 'wallpaper1.jpg', 620, '11f811cd-e345-5da0-8b17-7a2d3be814fc', '2017-08-22 00:55:42', '2017-08-22 00:55:42', '983ac884-2762-3e85-a7b7-51013cfd1a11'),
(611, 'thumb_11f811cd-e345-5da0-8b17-7a2d3be814fc_wallpaper3.jpg', 'image_thumbnails/johndoe@example.com/11f811cd-e345-5da0-8b17-7a2d3be814fc/thumb_11f811cd-e345-5da0-8b17-7a2d3be814fc_wallpaper3.jpg', 357779, 'wallpaper3.jpg', 621, '11f811cd-e345-5da0-8b17-7a2d3be814fc', '2017-08-22 00:55:43', '2017-08-22 00:55:43', '983ac884-2762-3e85-a7b7-51013cfd1a11'),
(612, 'thumb_fe3dbf92-94c7-5c51-9e7c-e27d0c67af2e_resep-tumis-capcay-sederhana.jpg', 'image_thumbnails/johndoe@example.com/fe3dbf92-94c7-5c51-9e7c-e27d0c67af2e/thumb_fe3dbf92-94c7-5c51-9e7c-e27d0c67af2e_resep-tumis-capcay-sederhana.jpg', 63526, 'resep-tumis-capcay-sederhana.jpg', 622, 'fe3dbf92-94c7-5c51-9e7c-e27d0c67af2e', '2017-08-22 00:57:30', '2017-08-22 00:57:30', '983ac884-2762-3e85-a7b7-51013cfd1a11'),
(613, 'thumb_fe3dbf92-94c7-5c51-9e7c-e27d0c67af2e_restaurant1.jpg', 'image_thumbnails/johndoe@example.com/fe3dbf92-94c7-5c51-9e7c-e27d0c67af2e/thumb_fe3dbf92-94c7-5c51-9e7c-e27d0c67af2e_restaurant1.jpg', 9828, 'restaurant1.jpg', 623, 'fe3dbf92-94c7-5c51-9e7c-e27d0c67af2e', '2017-08-22 00:57:30', '2017-08-22 00:57:30', '983ac884-2762-3e85-a7b7-51013cfd1a11'),
(614, 'thumb_fe3dbf92-94c7-5c51-9e7c-e27d0c67af2e_restaurant2.png', 'image_thumbnails/johndoe@example.com/fe3dbf92-94c7-5c51-9e7c-e27d0c67af2e/thumb_fe3dbf92-94c7-5c51-9e7c-e27d0c67af2e_restaurant2.png', 33662, 'restaurant2.png', 624, 'fe3dbf92-94c7-5c51-9e7c-e27d0c67af2e', '2017-08-22 00:57:30', '2017-08-22 00:57:30', '983ac884-2762-3e85-a7b7-51013cfd1a11'),
(615, 'thumb_fe3dbf92-94c7-5c51-9e7c-e27d0c67af2e_rest-bg.jpg', 'image_thumbnails/johndoe@example.com/fe3dbf92-94c7-5c51-9e7c-e27d0c67af2e/thumb_fe3dbf92-94c7-5c51-9e7c-e27d0c67af2e_rest-bg.jpg', 130924, 'rest-bg.jpg', 625, 'fe3dbf92-94c7-5c51-9e7c-e27d0c67af2e', '2017-08-22 00:57:30', '2017-08-22 00:57:30', '983ac884-2762-3e85-a7b7-51013cfd1a11'),
(616, 'thumb_cb74960c-59fe-50f4-bb18-990a9897f81d_4_Loyal_Customers_v2.jpg', 'image_thumbnails/johndoe@example.com/cb74960c-59fe-50f4-bb18-990a9897f81d/thumb_cb74960c-59fe-50f4-bb18-990a9897f81d_4_Loyal_Customers_v2.jpg', 31857, '4_Loyal_Customers_v2.jpg', 626, 'cb74960c-59fe-50f4-bb18-990a9897f81d', '2017-08-22 01:34:21', '2017-08-22 01:34:21', '983ac884-2762-3e85-a7b7-51013cfd1a11'),
(617, 'thumb_cb74960c-59fe-50f4-bb18-990a9897f81d_3_midtrans.png', 'image_thumbnails/johndoe@example.com/cb74960c-59fe-50f4-bb18-990a9897f81d/thumb_cb74960c-59fe-50f4-bb18-990a9897f81d_3_midtrans.png', 14459, '3_midtrans.png', 627, 'cb74960c-59fe-50f4-bb18-990a9897f81d', '2017-08-22 01:34:22', '2017-08-22 01:34:22', '983ac884-2762-3e85-a7b7-51013cfd1a11'),
(618, 'thumb_cb74960c-59fe-50f4-bb18-990a9897f81d_2_modern-icon.png', 'image_thumbnails/johndoe@example.com/cb74960c-59fe-50f4-bb18-990a9897f81d/thumb_cb74960c-59fe-50f4-bb18-990a9897f81d_2_modern-icon.png', 18490, '2_modern-icon.png', 628, 'cb74960c-59fe-50f4-bb18-990a9897f81d', '2017-08-22 01:34:22', '2017-08-22 01:34:22', '983ac884-2762-3e85-a7b7-51013cfd1a11'),
(619, 'thumb_cb74960c-59fe-50f4-bb18-990a9897f81d_1_nasi_goreng.jpg', 'image_thumbnails/johndoe@example.com/cb74960c-59fe-50f4-bb18-990a9897f81d/thumb_cb74960c-59fe-50f4-bb18-990a9897f81d_1_nasi_goreng.jpg', 29537, '1_nasi_goreng.jpg', 629, 'cb74960c-59fe-50f4-bb18-990a9897f81d', '2017-08-22 01:34:22', '2017-08-22 01:34:22', '983ac884-2762-3e85-a7b7-51013cfd1a11'),
(620, 'thumb_73e8df89-e833-5c74-a78a-c8fbe32f39c9_2_wallpaper2.jpg', 'image_thumbnails/johndoe@example.com/73e8df89-e833-5c74-a78a-c8fbe32f39c9/thumb_73e8df89-e833-5c74-a78a-c8fbe32f39c9_2_wallpaper2.jpg', 208744, '2_wallpaper2.jpg', 630, '73e8df89-e833-5c74-a78a-c8fbe32f39c9', '2017-08-22 02:39:09', '2017-08-22 02:39:09', '983ac884-2762-3e85-a7b7-51013cfd1a11'),
(621, 'thumb_73e8df89-e833-5c74-a78a-c8fbe32f39c9_3_wallpaper1.jpg', 'image_thumbnails/johndoe@example.com/73e8df89-e833-5c74-a78a-c8fbe32f39c9/thumb_73e8df89-e833-5c74-a78a-c8fbe32f39c9_3_wallpaper1.jpg', 259831, '3_wallpaper1.jpg', 631, '73e8df89-e833-5c74-a78a-c8fbe32f39c9', '2017-08-22 02:39:09', '2017-08-22 02:39:09', '983ac884-2762-3e85-a7b7-51013cfd1a11'),
(622, 'thumb_73e8df89-e833-5c74-a78a-c8fbe32f39c9_1_wallpaper3.jpg', 'image_thumbnails/johndoe@example.com/73e8df89-e833-5c74-a78a-c8fbe32f39c9/thumb_73e8df89-e833-5c74-a78a-c8fbe32f39c9_1_wallpaper3.jpg', 357779, '1_wallpaper3.jpg', 632, '73e8df89-e833-5c74-a78a-c8fbe32f39c9', '2017-08-22 02:39:09', '2017-08-22 02:39:09', '983ac884-2762-3e85-a7b7-51013cfd1a11');

-- --------------------------------------------------------

--
-- Table structure for table `images`
--

CREATE TABLE `images` (
  `id` int(10) UNSIGNED NOT NULL,
  `file_name` text COLLATE utf8mb4_unicode_ci NOT NULL,
  `path` text COLLATE utf8mb4_unicode_ci NOT NULL,
  `size` double NOT NULL,
  `alias` text COLLATE utf8mb4_unicode_ci NOT NULL,
  `album_id` char(36) COLLATE utf8mb4_unicode_ci NOT NULL,
  `created_at` timestamp NULL DEFAULT NULL,
  `updated_at` timestamp NULL DEFAULT NULL
) ENGINE=InnoDB DEFAULT CHARSET=utf8mb4 COLLATE=utf8mb4_unicode_ci;

--
-- Dumping data for table `images`
--

INSERT INTO `images` (`id`, `file_name`, `path`, `size`, `alias`, `album_id`, `created_at`, `updated_at`) VALUES
(494, '415733e4-f28f-52ad-89e4-a7dbe01811c8_426d42_d06baaf256bc54531b4a713dd070e5a0.png', 'uploaded_images/johndoe@example.com/415733e4-f28f-52ad-89e4-a7dbe01811c8/415733e4-f28f-52ad-89e4-a7dbe01811c8_426d42_d06baaf256bc54531b4a713dd070e5a0.png', 78144, '426d42_d06baaf256bc54531b4a713dd070e5a0.png', '415733e4-f28f-52ad-89e4-a7dbe01811c8', '2017-08-18 00:32:17', '2017-08-18 00:32:17'),
(495, '415733e4-f28f-52ad-89e4-a7dbe01811c8_aekv5ijI.jpg', 'uploaded_images/johndoe@example.com/415733e4-f28f-52ad-89e4-a7dbe01811c8/415733e4-f28f-52ad-89e4-a7dbe01811c8_aekv5ijI.jpg', 7538, 'aekv5ijI.jpg', '415733e4-f28f-52ad-89e4-a7dbe01811c8', '2017-08-18 00:32:17', '2017-08-18 00:32:17'),
(496, '415733e4-f28f-52ad-89e4-a7dbe01811c8_abstract-icon.png', 'uploaded_images/johndoe@example.com/415733e4-f28f-52ad-89e4-a7dbe01811c8/415733e4-f28f-52ad-89e4-a7dbe01811c8_abstract-icon.png', 22542, 'abstract-icon.png', '415733e4-f28f-52ad-89e4-a7dbe01811c8', '2017-08-18 00:32:17', '2017-08-18 00:32:17'),
(497, '415733e4-f28f-52ad-89e4-a7dbe01811c8_ayam_goreng.jpg', 'uploaded_images/johndoe@example.com/415733e4-f28f-52ad-89e4-a7dbe01811c8/415733e4-f28f-52ad-89e4-a7dbe01811c8_ayam_goreng.jpg', 91391, 'ayam_goreng.jpg', '415733e4-f28f-52ad-89e4-a7dbe01811c8', '2017-08-18 00:32:17', '2017-08-18 00:32:17'),
(498, '415733e4-f28f-52ad-89e4-a7dbe01811c8_Audi R8 6.jpg', 'uploaded_images/johndoe@example.com/415733e4-f28f-52ad-89e4-a7dbe01811c8/415733e4-f28f-52ad-89e4-a7dbe01811c8_Audi R8 6.jpg', 226572, 'Audi R8 6.jpg', '415733e4-f28f-52ad-89e4-a7dbe01811c8', '2017-08-18 00:32:17', '2017-08-18 00:32:17'),
(499, '415733e4-f28f-52ad-89e4-a7dbe01811c8_691f0d0fed7f0f61f030366b9de8d1ed.jpg', 'uploaded_images/johndoe@example.com/415733e4-f28f-52ad-89e4-a7dbe01811c8/415733e4-f28f-52ad-89e4-a7dbe01811c8_691f0d0fed7f0f61f030366b9de8d1ed.jpg', 280110, '691f0d0fed7f0f61f030366b9de8d1ed.jpg', '415733e4-f28f-52ad-89e4-a7dbe01811c8', '2017-08-18 00:32:17', '2017-08-18 00:32:17'),
(500, '415733e4-f28f-52ad-89e4-a7dbe01811c8_ayam-mentega.jpg', 'uploaded_images/johndoe@example.com/415733e4-f28f-52ad-89e4-a7dbe01811c8/415733e4-f28f-52ad-89e4-a7dbe01811c8_ayam-mentega.jpg', 209884, 'ayam-mentega.jpg', '415733e4-f28f-52ad-89e4-a7dbe01811c8', '2017-08-18 00:32:17', '2017-08-18 00:32:17'),
(501, '415733e4-f28f-52ad-89e4-a7dbe01811c8_Glass-Of-Drink-Photography-Images-Wallpaper-HD-Desktop-Mobile-9299934843.jpg', 'uploaded_images/johndoe@example.com/415733e4-f28f-52ad-89e4-a7dbe01811c8/415733e4-f28f-52ad-89e4-a7dbe01811c8_Glass-Of-Drink-Photography-Images-Wallpaper-HD-Desktop-Mobile-9299934843.jpg', 199799, 'Glass-Of-Drink-Photography-Images-Wallpaper-HD-Desktop-Mobile-9299934843.jpg', '415733e4-f28f-52ad-89e4-a7dbe01811c8', '2017-08-18 00:32:18', '2017-08-18 00:32:18'),
(502, '415733e4-f28f-52ad-89e4-a7dbe01811c8_norwegian-cabin-hd-wallpaper.jpg', 'uploaded_images/johndoe@example.com/415733e4-f28f-52ad-89e4-a7dbe01811c8/415733e4-f28f-52ad-89e4-a7dbe01811c8_norwegian-cabin-hd-wallpaper.jpg', 155014, 'norwegian-cabin-hd-wallpaper.jpg', '415733e4-f28f-52ad-89e4-a7dbe01811c8', '2017-08-18 00:32:18', '2017-08-18 00:32:18'),
(503, '415733e4-f28f-52ad-89e4-a7dbe01811c8_Blue+Website+Background.png', 'uploaded_images/johndoe@example.com/415733e4-f28f-52ad-89e4-a7dbe01811c8/415733e4-f28f-52ad-89e4-a7dbe01811c8_Blue+Website+Background.png', 491765, 'Blue+Website+Background.png', '415733e4-f28f-52ad-89e4-a7dbe01811c8', '2017-08-18 00:32:18', '2017-08-18 00:32:18'),
(504, '415733e4-f28f-52ad-89e4-a7dbe01811c8_high-resolution-wallpapers-17.jpg', 'uploaded_images/johndoe@example.com/415733e4-f28f-52ad-89e4-a7dbe01811c8/415733e4-f28f-52ad-89e4-a7dbe01811c8_high-resolution-wallpapers-17.jpg', 357994, 'high-resolution-wallpapers-17.jpg', '415733e4-f28f-52ad-89e4-a7dbe01811c8', '2017-08-18 00:32:18', '2017-08-18 00:32:18'),
(505, '415733e4-f28f-52ad-89e4-a7dbe01811c8_Opera-Background-Blue-Bubbles.png', 'uploaded_images/johndoe@example.com/415733e4-f28f-52ad-89e4-a7dbe01811c8/415733e4-f28f-52ad-89e4-a7dbe01811c8_Opera-Background-Blue-Bubbles.png', 369330, 'Opera-Background-Blue-Bubbles.png', '415733e4-f28f-52ad-89e4-a7dbe01811c8', '2017-08-18 00:32:19', '2017-08-18 00:32:19'),
(506, '415733e4-f28f-52ad-89e4-a7dbe01811c8_Screenshot from 2017-02-20 15-03-28.png', 'uploaded_images/johndoe@example.com/415733e4-f28f-52ad-89e4-a7dbe01811c8/415733e4-f28f-52ad-89e4-a7dbe01811c8_Screenshot from 2017-02-20 15-03-28.png', 548966, 'Screenshot from 2017-02-20 15-03-28.png', '415733e4-f28f-52ad-89e4-a7dbe01811c8', '2017-08-18 00:32:19', '2017-08-18 00:32:19'),
(535, 'a61a5684-1815-5df9-b392-f0afee2b3cda_426d42_d06baaf256bc54531b4a713dd070e5a0.png', 'uploaded_images/johndoe@example.com/a61a5684-1815-5df9-b392-f0afee2b3cda/a61a5684-1815-5df9-b392-f0afee2b3cda_426d42_d06baaf256bc54531b4a713dd070e5a0.png', 78144, '426d42_d06baaf256bc54531b4a713dd070e5a0.png', 'a61a5684-1815-5df9-b392-f0afee2b3cda', '2017-08-18 00:42:22', '2017-08-18 00:42:22'),
(536, 'a61a5684-1815-5df9-b392-f0afee2b3cda_aekv5ijI.jpg', 'uploaded_images/johndoe@example.com/a61a5684-1815-5df9-b392-f0afee2b3cda/a61a5684-1815-5df9-b392-f0afee2b3cda_aekv5ijI.jpg', 7538, 'aekv5ijI.jpg', 'a61a5684-1815-5df9-b392-f0afee2b3cda', '2017-08-18 00:42:22', '2017-08-18 00:42:22'),
(537, 'a61a5684-1815-5df9-b392-f0afee2b3cda_abstract-icon.png', 'uploaded_images/johndoe@example.com/a61a5684-1815-5df9-b392-f0afee2b3cda/a61a5684-1815-5df9-b392-f0afee2b3cda_abstract-icon.png', 22542, 'abstract-icon.png', 'a61a5684-1815-5df9-b392-f0afee2b3cda', '2017-08-18 00:42:23', '2017-08-18 00:42:23'),
(538, 'a61a5684-1815-5df9-b392-f0afee2b3cda_ayam_goreng.jpg', 'uploaded_images/johndoe@example.com/a61a5684-1815-5df9-b392-f0afee2b3cda/a61a5684-1815-5df9-b392-f0afee2b3cda_ayam_goreng.jpg', 91391, 'ayam_goreng.jpg', 'a61a5684-1815-5df9-b392-f0afee2b3cda', '2017-08-18 00:42:23', '2017-08-18 00:42:23'),
(539, 'a61a5684-1815-5df9-b392-f0afee2b3cda_chef-recomended-icon.jpg', 'uploaded_images/johndoe@example.com/a61a5684-1815-5df9-b392-f0afee2b3cda/a61a5684-1815-5df9-b392-f0afee2b3cda_chef-recomended-icon.jpg', 40649, 'chef-recomended-icon.jpg', 'a61a5684-1815-5df9-b392-f0afee2b3cda', '2017-08-18 00:42:23', '2017-08-18 00:42:23'),
(540, 'a61a5684-1815-5df9-b392-f0afee2b3cda_Audi R8 6.jpg', 'uploaded_images/johndoe@example.com/a61a5684-1815-5df9-b392-f0afee2b3cda/a61a5684-1815-5df9-b392-f0afee2b3cda_Audi R8 6.jpg', 226572, 'Audi R8 6.jpg', 'a61a5684-1815-5df9-b392-f0afee2b3cda', '2017-08-18 00:42:23', '2017-08-18 00:42:23'),
(541, 'a61a5684-1815-5df9-b392-f0afee2b3cda_691f0d0fed7f0f61f030366b9de8d1ed.jpg', 'uploaded_images/johndoe@example.com/a61a5684-1815-5df9-b392-f0afee2b3cda/a61a5684-1815-5df9-b392-f0afee2b3cda_691f0d0fed7f0f61f030366b9de8d1ed.jpg', 280110, '691f0d0fed7f0f61f030366b9de8d1ed.jpg', 'a61a5684-1815-5df9-b392-f0afee2b3cda', '2017-08-18 00:42:23', '2017-08-18 00:42:23'),
(542, 'a61a5684-1815-5df9-b392-f0afee2b3cda_ayam-mentega.jpg', 'uploaded_images/johndoe@example.com/a61a5684-1815-5df9-b392-f0afee2b3cda/a61a5684-1815-5df9-b392-f0afee2b3cda_ayam-mentega.jpg', 209884, 'ayam-mentega.jpg', 'a61a5684-1815-5df9-b392-f0afee2b3cda', '2017-08-18 00:42:24', '2017-08-18 00:42:24'),
(543, 'a61a5684-1815-5df9-b392-f0afee2b3cda_Glass-Of-Drink-Photography-Images-Wallpaper-HD-Desktop-Mobile-9299934843.jpg', 'uploaded_images/johndoe@example.com/a61a5684-1815-5df9-b392-f0afee2b3cda/a61a5684-1815-5df9-b392-f0afee2b3cda_Glass-Of-Drink-Photography-Images-Wallpaper-HD-Desktop-Mobile-9299934843.jpg', 199799, 'Glass-Of-Drink-Photography-Images-Wallpaper-HD-Desktop-Mobile-9299934843.jpg', 'a61a5684-1815-5df9-b392-f0afee2b3cda', '2017-08-18 00:42:24', '2017-08-18 00:42:24'),
(544, 'a61a5684-1815-5df9-b392-f0afee2b3cda_norwegian-cabin-hd-wallpaper.jpg', 'uploaded_images/johndoe@example.com/a61a5684-1815-5df9-b392-f0afee2b3cda/a61a5684-1815-5df9-b392-f0afee2b3cda_norwegian-cabin-hd-wallpaper.jpg', 155014, 'norwegian-cabin-hd-wallpaper.jpg', 'a61a5684-1815-5df9-b392-f0afee2b3cda', '2017-08-18 00:42:24', '2017-08-18 00:42:24'),
(545, 'a61a5684-1815-5df9-b392-f0afee2b3cda_resep-tumis-capcay-sederhana.jpg', 'uploaded_images/johndoe@example.com/a61a5684-1815-5df9-b392-f0afee2b3cda/a61a5684-1815-5df9-b392-f0afee2b3cda_resep-tumis-capcay-sederhana.jpg', 45978, 'resep-tumis-capcay-sederhana.jpg', 'a61a5684-1815-5df9-b392-f0afee2b3cda', '2017-08-18 00:42:24', '2017-08-18 00:42:24'),
(546, 'a61a5684-1815-5df9-b392-f0afee2b3cda_Blue+Website+Background.png', 'uploaded_images/johndoe@example.com/a61a5684-1815-5df9-b392-f0afee2b3cda/a61a5684-1815-5df9-b392-f0afee2b3cda_Blue+Website+Background.png', 491765, 'Blue+Website+Background.png', 'a61a5684-1815-5df9-b392-f0afee2b3cda', '2017-08-18 00:42:24', '2017-08-18 00:42:24'),
(547, 'a61a5684-1815-5df9-b392-f0afee2b3cda_high-resolution-wallpapers-17.jpg', 'uploaded_images/johndoe@example.com/a61a5684-1815-5df9-b392-f0afee2b3cda/a61a5684-1815-5df9-b392-f0afee2b3cda_high-resolution-wallpapers-17.jpg', 357994, 'high-resolution-wallpapers-17.jpg', 'a61a5684-1815-5df9-b392-f0afee2b3cda', '2017-08-18 00:42:25', '2017-08-18 00:42:25'),
(548, 'a61a5684-1815-5df9-b392-f0afee2b3cda_japanese_food-wallpaper-1440x960.jpg', 'uploaded_images/johndoe@example.com/a61a5684-1815-5df9-b392-f0afee2b3cda/a61a5684-1815-5df9-b392-f0afee2b3cda_japanese_food-wallpaper-1440x960.jpg', 490918, 'japanese_food-wallpaper-1440x960.jpg', 'a61a5684-1815-5df9-b392-f0afee2b3cda', '2017-08-18 00:42:25', '2017-08-18 00:42:25'),
(549, 'a61a5684-1815-5df9-b392-f0afee2b3cda_Opera-Background-Blue-Bubbles.png', 'uploaded_images/johndoe@example.com/a61a5684-1815-5df9-b392-f0afee2b3cda/a61a5684-1815-5df9-b392-f0afee2b3cda_Opera-Background-Blue-Bubbles.png', 369330, 'Opera-Background-Blue-Bubbles.png', 'a61a5684-1815-5df9-b392-f0afee2b3cda', '2017-08-18 00:42:25', '2017-08-18 00:42:25'),
(550, 'a61a5684-1815-5df9-b392-f0afee2b3cda_Screenshot from 2017-02-20 15-03-28.png', 'uploaded_images/johndoe@example.com/a61a5684-1815-5df9-b392-f0afee2b3cda/a61a5684-1815-5df9-b392-f0afee2b3cda_Screenshot from 2017-02-20 15-03-28.png', 548966, 'Screenshot from 2017-02-20 15-03-28.png', 'a61a5684-1815-5df9-b392-f0afee2b3cda', '2017-08-18 00:42:25', '2017-08-18 00:42:25'),
(551, 'e6a1686a-2325-5679-9ec0-6575f770fe57_sports.png', 'uploaded_images/johndoe@example.com/e6a1686a-2325-5679-9ec0-6575f770fe57/e6a1686a-2325-5679-9ec0-6575f770fe57_sports.png', 16082, 'sports.png', 'e6a1686a-2325-5679-9ec0-6575f770fe57', '2017-08-18 00:44:05', '2017-08-18 00:44:05'),
(552, 'e6a1686a-2325-5679-9ec0-6575f770fe57_Stonefirev2.png', 'uploaded_images/johndoe@example.com/e6a1686a-2325-5679-9ec0-6575f770fe57/e6a1686a-2325-5679-9ec0-6575f770fe57_Stonefirev2.png', 41023, 'Stonefirev2.png', 'e6a1686a-2325-5679-9ec0-6575f770fe57', '2017-08-18 00:44:05', '2017-08-18 00:44:05'),
(553, 'e6a1686a-2325-5679-9ec0-6575f770fe57_tech-icon.png', 'uploaded_images/johndoe@example.com/e6a1686a-2325-5679-9ec0-6575f770fe57/e6a1686a-2325-5679-9ec0-6575f770fe57_tech-icon.png', 38673, 'tech-icon.png', 'e6a1686a-2325-5679-9ec0-6575f770fe57', '2017-08-18 00:44:05', '2017-08-18 00:44:05'),
(554, 'e6a1686a-2325-5679-9ec0-6575f770fe57_unnamed.jpg', 'uploaded_images/johndoe@example.com/e6a1686a-2325-5679-9ec0-6575f770fe57/e6a1686a-2325-5679-9ec0-6575f770fe57_unnamed.jpg', 32912, 'unnamed.jpg', 'e6a1686a-2325-5679-9ec0-6575f770fe57', '2017-08-18 00:44:05', '2017-08-18 00:44:05'),
(555, 'e6a1686a-2325-5679-9ec0-6575f770fe57_user-default.png', 'uploaded_images/johndoe@example.com/e6a1686a-2325-5679-9ec0-6575f770fe57/e6a1686a-2325-5679-9ec0-6575f770fe57_user-default.png', 41125, 'user-default.png', 'e6a1686a-2325-5679-9ec0-6575f770fe57', '2017-08-18 00:44:05', '2017-08-18 00:44:05'),
(556, 'e6a1686a-2325-5679-9ec0-6575f770fe57_user-icon1.png', 'uploaded_images/johndoe@example.com/e6a1686a-2325-5679-9ec0-6575f770fe57/e6a1686a-2325-5679-9ec0-6575f770fe57_user-icon1.png', 25149, 'user-icon1.png', 'e6a1686a-2325-5679-9ec0-6575f770fe57', '2017-08-18 00:44:05', '2017-08-18 00:44:05'),
(557, 'e6a1686a-2325-5679-9ec0-6575f770fe57_wallpaper2.jpg', 'uploaded_images/johndoe@example.com/e6a1686a-2325-5679-9ec0-6575f770fe57/e6a1686a-2325-5679-9ec0-6575f770fe57_wallpaper2.jpg', 666150, 'wallpaper2.jpg', 'e6a1686a-2325-5679-9ec0-6575f770fe57', '2017-08-18 00:44:06', '2017-08-18 00:44:06'),
(558, 'e6a1686a-2325-5679-9ec0-6575f770fe57_wallpaper1.jpg', 'uploaded_images/johndoe@example.com/e6a1686a-2325-5679-9ec0-6575f770fe57/e6a1686a-2325-5679-9ec0-6575f770fe57_wallpaper1.jpg', 817382, 'wallpaper1.jpg', 'e6a1686a-2325-5679-9ec0-6575f770fe57', '2017-08-18 00:44:06', '2017-08-18 00:44:06'),
(559, 'e6a1686a-2325-5679-9ec0-6575f770fe57_worship.png', 'uploaded_images/johndoe@example.com/e6a1686a-2325-5679-9ec0-6575f770fe57/e6a1686a-2325-5679-9ec0-6575f770fe57_worship.png', 370141, 'worship.png', 'e6a1686a-2325-5679-9ec0-6575f770fe57', '2017-08-18 00:44:06', '2017-08-18 00:44:06'),
(560, 'e6a1686a-2325-5679-9ec0-6575f770fe57_worship-lyric-projection.jpg', 'uploaded_images/johndoe@example.com/e6a1686a-2325-5679-9ec0-6575f770fe57/e6a1686a-2325-5679-9ec0-6575f770fe57_worship-lyric-projection.jpg', 336013, 'worship-lyric-projection.jpg', 'e6a1686a-2325-5679-9ec0-6575f770fe57', '2017-08-18 00:44:06', '2017-08-18 00:44:06'),
(561, 'e6a1686a-2325-5679-9ec0-6575f770fe57_wallpaper3.jpg', 'uploaded_images/johndoe@example.com/e6a1686a-2325-5679-9ec0-6575f770fe57/e6a1686a-2325-5679-9ec0-6575f770fe57_wallpaper3.jpg', 1136353, 'wallpaper3.jpg', 'e6a1686a-2325-5679-9ec0-6575f770fe57', '2017-08-18 00:44:07', '2017-08-18 00:44:07'),
(562, 'e6a1686a-2325-5679-9ec0-6575f770fe57_wallpaper-1332251.jpg', 'uploaded_images/johndoe@example.com/e6a1686a-2325-5679-9ec0-6575f770fe57/e6a1686a-2325-5679-9ec0-6575f770fe57_wallpaper-1332251.jpg', 2095425, 'wallpaper-1332251.jpg', 'e6a1686a-2325-5679-9ec0-6575f770fe57', '2017-08-18 00:44:07', '2017-08-18 00:44:07'),
(563, 'e6a1686a-2325-5679-9ec0-6575f770fe57_Snake_River_(5mb).jpg', 'uploaded_images/johndoe@example.com/e6a1686a-2325-5679-9ec0-6575f770fe57/e6a1686a-2325-5679-9ec0-6575f770fe57_Snake_River_(5mb).jpg', 5245329, 'Snake_River_(5mb).jpg', 'e6a1686a-2325-5679-9ec0-6575f770fe57', '2017-08-18 00:44:07', '2017-08-18 00:44:07'),
(564, '2961f940-04c0-5584-8387-f1d05a4f8690_loading-icon.gif', 'uploaded_images/johndoe@example.com/2961f940-04c0-5584-8387-f1d05a4f8690/2961f940-04c0-5584-8387-f1d05a4f8690_loading-icon.gif', 3374, 'loading-icon.gif', '2961f940-04c0-5584-8387-f1d05a4f8690', '2017-08-18 00:52:11', '2017-08-18 00:52:11'),
(565, '2961f940-04c0-5584-8387-f1d05a4f8690_high-resolution-wallpapers-17.jpg', 'uploaded_images/johndoe@example.com/2961f940-04c0-5584-8387-f1d05a4f8690/2961f940-04c0-5584-8387-f1d05a4f8690_high-resolution-wallpapers-17.jpg', 357994, 'high-resolution-wallpapers-17.jpg', '2961f940-04c0-5584-8387-f1d05a4f8690', '2017-08-18 00:52:11', '2017-08-18 00:52:11'),
(566, '2961f940-04c0-5584-8387-f1d05a4f8690_IMG_462174.jpg', 'uploaded_images/johndoe@example.com/2961f940-04c0-5584-8387-f1d05a4f8690/2961f940-04c0-5584-8387-f1d05a4f8690_IMG_462174.jpg', 62630, 'IMG_462174.jpg', '2961f940-04c0-5584-8387-f1d05a4f8690', '2017-08-18 00:52:11', '2017-08-18 00:52:11'),
(567, '2961f940-04c0-5584-8387-f1d05a4f8690_modern-icon.png', 'uploaded_images/johndoe@example.com/2961f940-04c0-5584-8387-f1d05a4f8690/2961f940-04c0-5584-8387-f1d05a4f8690_modern-icon.png', 20355, 'modern-icon.png', '2961f940-04c0-5584-8387-f1d05a4f8690', '2017-08-18 00:52:11', '2017-08-18 00:52:11'),
(568, '2961f940-04c0-5584-8387-f1d05a4f8690_Loyal_Customers_v2.jpg', 'uploaded_images/johndoe@example.com/2961f940-04c0-5584-8387-f1d05a4f8690/2961f940-04c0-5584-8387-f1d05a4f8690_Loyal_Customers_v2.jpg', 52038, 'Loyal_Customers_v2.jpg', '2961f940-04c0-5584-8387-f1d05a4f8690', '2017-08-18 00:52:12', '2017-08-18 00:52:12'),
(569, '2961f940-04c0-5584-8387-f1d05a4f8690_norwegian-cabin-hd-wallpaper.jpg', 'uploaded_images/johndoe@example.com/2961f940-04c0-5584-8387-f1d05a4f8690/2961f940-04c0-5584-8387-f1d05a4f8690_norwegian-cabin-hd-wallpaper.jpg', 155014, 'norwegian-cabin-hd-wallpaper.jpg', '2961f940-04c0-5584-8387-f1d05a4f8690', '2017-08-18 00:52:12', '2017-08-18 00:52:12'),
(570, '2961f940-04c0-5584-8387-f1d05a4f8690_japanese_food-wallpaper-1440x960.jpg', 'uploaded_images/johndoe@example.com/2961f940-04c0-5584-8387-f1d05a4f8690/2961f940-04c0-5584-8387-f1d05a4f8690_japanese_food-wallpaper-1440x960.jpg', 490918, 'japanese_food-wallpaper-1440x960.jpg', '2961f940-04c0-5584-8387-f1d05a4f8690', '2017-08-18 00:52:12', '2017-08-18 00:52:12'),
(571, '2961f940-04c0-5584-8387-f1d05a4f8690_Opera-Background-Blue-Bubbles.png', 'uploaded_images/johndoe@example.com/2961f940-04c0-5584-8387-f1d05a4f8690/2961f940-04c0-5584-8387-f1d05a4f8690_Opera-Background-Blue-Bubbles.png', 369330, 'Opera-Background-Blue-Bubbles.png', '2961f940-04c0-5584-8387-f1d05a4f8690', '2017-08-18 00:52:12', '2017-08-18 00:52:12'),
(572, '2961f940-04c0-5584-8387-f1d05a4f8690_login-logo.gif', 'uploaded_images/johndoe@example.com/2961f940-04c0-5584-8387-f1d05a4f8690/2961f940-04c0-5584-8387-f1d05a4f8690_login-logo.gif', 1527071, 'login-logo.gif', '2961f940-04c0-5584-8387-f1d05a4f8690', '2017-08-18 00:52:13', '2017-08-18 00:52:13'),
(573, '2961f940-04c0-5584-8387-f1d05a4f8690_wallpaper3.jpg', 'uploaded_images/johndoe@example.com/2961f940-04c0-5584-8387-f1d05a4f8690/2961f940-04c0-5584-8387-f1d05a4f8690_wallpaper3.jpg', 1136353, 'wallpaper3.jpg', '2961f940-04c0-5584-8387-f1d05a4f8690', '2017-08-18 00:52:13', '2017-08-18 00:52:13'),
(574, '2961f940-04c0-5584-8387-f1d05a4f8690_shadowsoftheclouds_2560x1440.jpg', 'uploaded_images/johndoe@example.com/2961f940-04c0-5584-8387-f1d05a4f8690/2961f940-04c0-5584-8387-f1d05a4f8690_shadowsoftheclouds_2560x1440.jpg', 2121716, 'shadowsoftheclouds_2560x1440.jpg', '2961f940-04c0-5584-8387-f1d05a4f8690', '2017-08-18 00:52:13', '2017-08-18 00:52:13'),
(575, '2961f940-04c0-5584-8387-f1d05a4f8690_IMG_15744.jpg', 'uploaded_images/johndoe@example.com/2961f940-04c0-5584-8387-f1d05a4f8690/2961f940-04c0-5584-8387-f1d05a4f8690_IMG_15744.jpg', 3655551, 'IMG_15744.jpg', '2961f940-04c0-5584-8387-f1d05a4f8690', '2017-08-18 00:52:14', '2017-08-18 00:52:14'),
(582, '11acd6d8-60cf-5797-a6e2-6e427100b645_Audi R8 6.jpg', 'uploaded_images/johndoe@example.com/11acd6d8-60cf-5797-a6e2-6e427100b645/11acd6d8-60cf-5797-a6e2-6e427100b645_Audi R8 6.jpg', 226572, 'Audi R8 6.jpg', '11acd6d8-60cf-5797-a6e2-6e427100b645', '2017-08-18 01:51:10', '2017-08-18 01:51:10'),
(583, '11acd6d8-60cf-5797-a6e2-6e427100b645_abstract-icon.png', 'uploaded_images/johndoe@example.com/11acd6d8-60cf-5797-a6e2-6e427100b645/11acd6d8-60cf-5797-a6e2-6e427100b645_abstract-icon.png', 22542, 'abstract-icon.png', '11acd6d8-60cf-5797-a6e2-6e427100b645', '2017-08-18 01:51:13', '2017-08-18 01:51:13'),
(584, '11acd6d8-60cf-5797-a6e2-6e427100b645_earth-icon.png', 'uploaded_images/johndoe@example.com/11acd6d8-60cf-5797-a6e2-6e427100b645/11acd6d8-60cf-5797-a6e2-6e427100b645_earth-icon.png', 14465, 'earth-icon.png', '11acd6d8-60cf-5797-a6e2-6e427100b645', '2017-08-18 01:51:17', '2017-08-18 01:51:17'),
(585, 'e54beff5-9eb5-5e54-ab6c-941e2f759c16_1_loading-icon.gif', 'uploaded_images/johndoe@example.com/e54beff5-9eb5-5e54-ab6c-941e2f759c16/e54beff5-9eb5-5e54-ab6c-941e2f759c16_1_loading-icon.gif', 3374, 'loading-icon.gif', 'e54beff5-9eb5-5e54-ab6c-941e2f759c16', '2017-08-20 21:37:13', '2017-08-20 21:37:13'),
(586, 'e54beff5-9eb5-5e54-ab6c-941e2f759c16_4_midtrans.png', 'uploaded_images/johndoe@example.com/e54beff5-9eb5-5e54-ab6c-941e2f759c16/e54beff5-9eb5-5e54-ab6c-941e2f759c16_4_midtrans.png', 12828, 'midtrans.png', 'e54beff5-9eb5-5e54-ab6c-941e2f759c16', '2017-08-20 21:37:13', '2017-08-20 21:37:13'),
(587, 'e54beff5-9eb5-5e54-ab6c-941e2f759c16_3_Loyal_Customers_v2.jpg', 'uploaded_images/johndoe@example.com/e54beff5-9eb5-5e54-ab6c-941e2f759c16/e54beff5-9eb5-5e54-ab6c-941e2f759c16_3_Loyal_Customers_v2.jpg', 52038, 'Loyal_Customers_v2.jpg', 'e54beff5-9eb5-5e54-ab6c-941e2f759c16', '2017-08-20 21:37:13', '2017-08-20 21:37:13'),
(588, 'e54beff5-9eb5-5e54-ab6c-941e2f759c16_5_modern-icon.png', 'uploaded_images/johndoe@example.com/e54beff5-9eb5-5e54-ab6c-941e2f759c16/e54beff5-9eb5-5e54-ab6c-941e2f759c16_5_modern-icon.png', 20355, 'modern-icon.png', 'e54beff5-9eb5-5e54-ab6c-941e2f759c16', '2017-08-20 21:37:13', '2017-08-20 21:37:13'),
(589, 'e54beff5-9eb5-5e54-ab6c-941e2f759c16_7_nature-icon.png', 'uploaded_images/johndoe@example.com/e54beff5-9eb5-5e54-ab6c-941e2f759c16/e54beff5-9eb5-5e54-ab6c-941e2f759c16_7_nature-icon.png', 14470, 'nature-icon.png', 'e54beff5-9eb5-5e54-ab6c-941e2f759c16', '2017-08-20 21:37:14', '2017-08-20 21:37:14'),
(590, 'e54beff5-9eb5-5e54-ab6c-941e2f759c16_10_patient-icon.jpg', 'uploaded_images/johndoe@example.com/e54beff5-9eb5-5e54-ab6c-941e2f759c16/e54beff5-9eb5-5e54-ab6c-941e2f759c16_10_patient-icon.jpg', 7527, 'patient-icon.jpg', 'e54beff5-9eb5-5e54-ab6c-941e2f759c16', '2017-08-20 21:37:14', '2017-08-20 21:37:14'),
(591, 'e54beff5-9eb5-5e54-ab6c-941e2f759c16_11_patient-icon.png', 'uploaded_images/johndoe@example.com/e54beff5-9eb5-5e54-ab6c-941e2f759c16/e54beff5-9eb5-5e54-ab6c-941e2f759c16_11_patient-icon.png', 2980, 'patient-icon.png', 'e54beff5-9eb5-5e54-ab6c-941e2f759c16', '2017-08-20 21:37:14', '2017-08-20 21:37:14'),
(592, 'e54beff5-9eb5-5e54-ab6c-941e2f759c16_6_nasi_goreng.jpg', 'uploaded_images/johndoe@example.com/e54beff5-9eb5-5e54-ab6c-941e2f759c16/e54beff5-9eb5-5e54-ab6c-941e2f759c16_6_nasi_goreng.jpg', 88921, 'nasi_goreng.jpg', 'e54beff5-9eb5-5e54-ab6c-941e2f759c16', '2017-08-20 21:37:14', '2017-08-20 21:37:14'),
(593, 'e54beff5-9eb5-5e54-ab6c-941e2f759c16_12_Paypal-icon.png', 'uploaded_images/johndoe@example.com/e54beff5-9eb5-5e54-ab6c-941e2f759c16/e54beff5-9eb5-5e54-ab6c-941e2f759c16_12_Paypal-icon.png', 5392, 'Paypal-icon.png', 'e54beff5-9eb5-5e54-ab6c-941e2f759c16', '2017-08-20 21:37:14', '2017-08-20 21:37:14'),
(594, 'e54beff5-9eb5-5e54-ab6c-941e2f759c16_8_norwegian-cabin-hd-wallpaper.jpg', 'uploaded_images/johndoe@example.com/e54beff5-9eb5-5e54-ab6c-941e2f759c16/e54beff5-9eb5-5e54-ab6c-941e2f759c16_8_norwegian-cabin-hd-wallpaper.jpg', 155014, 'norwegian-cabin-hd-wallpaper.jpg', 'e54beff5-9eb5-5e54-ab6c-941e2f759c16', '2017-08-20 21:37:14', '2017-08-20 21:37:14'),
(595, 'e54beff5-9eb5-5e54-ab6c-941e2f759c16_13_pig-icon.png', 'uploaded_images/johndoe@example.com/e54beff5-9eb5-5e54-ab6c-941e2f759c16/e54beff5-9eb5-5e54-ab6c-941e2f759c16_13_pig-icon.png', 76337, 'pig-icon.png', 'e54beff5-9eb5-5e54-ab6c-941e2f759c16', '2017-08-20 21:37:14', '2017-08-20 21:37:14'),
(596, 'e54beff5-9eb5-5e54-ab6c-941e2f759c16_15_profile-01.jpg', 'uploaded_images/johndoe@example.com/e54beff5-9eb5-5e54-ab6c-941e2f759c16/e54beff5-9eb5-5e54-ab6c-941e2f759c16_15_profile-01.jpg', 17173, 'profile-01.jpg', 'e54beff5-9eb5-5e54-ab6c-941e2f759c16', '2017-08-20 21:37:15', '2017-08-20 21:37:15'),
(597, 'e54beff5-9eb5-5e54-ab6c-941e2f759c16_17_queue_logo.png', 'uploaded_images/johndoe@example.com/e54beff5-9eb5-5e54-ab6c-941e2f759c16/e54beff5-9eb5-5e54-ab6c-941e2f759c16_17_queue_logo.png', 12027, 'queue_logo.png', 'e54beff5-9eb5-5e54-ab6c-941e2f759c16', '2017-08-20 21:37:15', '2017-08-20 21:37:15'),
(598, 'e54beff5-9eb5-5e54-ab6c-941e2f759c16_16_qrcode.jpg', 'uploaded_images/johndoe@example.com/e54beff5-9eb5-5e54-ab6c-941e2f759c16/e54beff5-9eb5-5e54-ab6c-941e2f759c16_16_qrcode.jpg', 48085, 'qrcode.jpg', 'e54beff5-9eb5-5e54-ab6c-941e2f759c16', '2017-08-20 21:37:15', '2017-08-20 21:37:15'),
(599, 'e54beff5-9eb5-5e54-ab6c-941e2f759c16_9_Opera-Background-Blue-Bubbles.png', 'uploaded_images/johndoe@example.com/e54beff5-9eb5-5e54-ab6c-941e2f759c16/e54beff5-9eb5-5e54-ab6c-941e2f759c16_9_Opera-Background-Blue-Bubbles.png', 369330, 'Opera-Background-Blue-Bubbles.png', 'e54beff5-9eb5-5e54-ab6c-941e2f759c16', '2017-08-20 21:37:15', '2017-08-20 21:37:15'),
(600, 'e54beff5-9eb5-5e54-ab6c-941e2f759c16_14_plane-1.jpg', 'uploaded_images/johndoe@example.com/e54beff5-9eb5-5e54-ab6c-941e2f759c16/e54beff5-9eb5-5e54-ab6c-941e2f759c16_14_plane-1.jpg', 501035, 'plane-1.jpg', 'e54beff5-9eb5-5e54-ab6c-941e2f759c16', '2017-08-20 21:37:15', '2017-08-20 21:37:15'),
(601, 'e54beff5-9eb5-5e54-ab6c-941e2f759c16_2_login-logo.gif', 'uploaded_images/johndoe@example.com/e54beff5-9eb5-5e54-ab6c-941e2f759c16/e54beff5-9eb5-5e54-ab6c-941e2f759c16_2_login-logo.gif', 1527071, 'login-logo.gif', 'e54beff5-9eb5-5e54-ab6c-941e2f759c16', '2017-08-20 21:37:16', '2017-08-20 21:37:16'),
(614, '2840b1d5-bd2a-53a4-a315-f617dbd61507_4_user-icon1.png', 'uploaded_images/johndoe@example.com/2840b1d5-bd2a-53a4-a315-f617dbd61507/2840b1d5-bd2a-53a4-a315-f617dbd61507_4_user-icon1.png', 25149, '4_user-icon1.png', '2840b1d5-bd2a-53a4-a315-f617dbd61507', '2017-08-21 22:15:50', '2017-08-21 22:15:50'),
(615, '2840b1d5-bd2a-53a4-a315-f617dbd61507_2_wallpaper2.jpg', 'uploaded_images/johndoe@example.com/2840b1d5-bd2a-53a4-a315-f617dbd61507/2840b1d5-bd2a-53a4-a315-f617dbd61507_2_wallpaper2.jpg', 666150, '2_wallpaper2.jpg', '2840b1d5-bd2a-53a4-a315-f617dbd61507', '2017-08-21 22:15:50', '2017-08-21 22:15:50'),
(616, '2840b1d5-bd2a-53a4-a315-f617dbd61507_3_wallpaper1.jpg', 'uploaded_images/johndoe@example.com/2840b1d5-bd2a-53a4-a315-f617dbd61507/2840b1d5-bd2a-53a4-a315-f617dbd61507_3_wallpaper1.jpg', 817382, '3_wallpaper1.jpg', '2840b1d5-bd2a-53a4-a315-f617dbd61507', '2017-08-21 22:15:50', '2017-08-21 22:15:50'),
(617, '2840b1d5-bd2a-53a4-a315-f617dbd61507_1_wallpaper3.jpg', 'uploaded_images/johndoe@example.com/2840b1d5-bd2a-53a4-a315-f617dbd61507/2840b1d5-bd2a-53a4-a315-f617dbd61507_1_wallpaper3.jpg', 1136353, '1_wallpaper3.jpg', '2840b1d5-bd2a-53a4-a315-f617dbd61507', '2017-08-21 22:15:50', '2017-08-21 22:15:50'),
(618, '11f811cd-e345-5da0-8b17-7a2d3be814fc_user-icon1.png', 'uploaded_images/johndoe@example.com/11f811cd-e345-5da0-8b17-7a2d3be814fc/11f811cd-e345-5da0-8b17-7a2d3be814fc_user-icon1.png', 25149, 'user-icon1.png', '11f811cd-e345-5da0-8b17-7a2d3be814fc', '2017-08-22 00:55:42', '2017-08-22 00:55:42'),
(619, '11f811cd-e345-5da0-8b17-7a2d3be814fc_wallpaper2.jpg', 'uploaded_images/johndoe@example.com/11f811cd-e345-5da0-8b17-7a2d3be814fc/11f811cd-e345-5da0-8b17-7a2d3be814fc_wallpaper2.jpg', 666150, 'wallpaper2.jpg', '11f811cd-e345-5da0-8b17-7a2d3be814fc', '2017-08-22 00:55:42', '2017-08-22 00:55:42'),
(620, '11f811cd-e345-5da0-8b17-7a2d3be814fc_wallpaper1.jpg', 'uploaded_images/johndoe@example.com/11f811cd-e345-5da0-8b17-7a2d3be814fc/11f811cd-e345-5da0-8b17-7a2d3be814fc_wallpaper1.jpg', 817382, 'wallpaper1.jpg', '11f811cd-e345-5da0-8b17-7a2d3be814fc', '2017-08-22 00:55:42', '2017-08-22 00:55:42'),
(621, '11f811cd-e345-5da0-8b17-7a2d3be814fc_wallpaper3.jpg', 'uploaded_images/johndoe@example.com/11f811cd-e345-5da0-8b17-7a2d3be814fc/11f811cd-e345-5da0-8b17-7a2d3be814fc_wallpaper3.jpg', 1136353, 'wallpaper3.jpg', '11f811cd-e345-5da0-8b17-7a2d3be814fc', '2017-08-22 00:55:42', '2017-08-22 00:55:42'),
(622, 'fe3dbf92-94c7-5c51-9e7c-e27d0c67af2e_resep-tumis-capcay-sederhana.jpg', 'uploaded_images/johndoe@example.com/fe3dbf92-94c7-5c51-9e7c-e27d0c67af2e/fe3dbf92-94c7-5c51-9e7c-e27d0c67af2e_resep-tumis-capcay-sederhana.jpg', 45978, 'resep-tumis-capcay-sederhana.jpg', 'fe3dbf92-94c7-5c51-9e7c-e27d0c67af2e', '2017-08-22 00:57:30', '2017-08-22 00:57:30'),
(623, 'fe3dbf92-94c7-5c51-9e7c-e27d0c67af2e_restaurant1.jpg', 'uploaded_images/johndoe@example.com/fe3dbf92-94c7-5c51-9e7c-e27d0c67af2e/fe3dbf92-94c7-5c51-9e7c-e27d0c67af2e_restaurant1.jpg', 20592, 'restaurant1.jpg', 'fe3dbf92-94c7-5c51-9e7c-e27d0c67af2e', '2017-08-22 00:57:30', '2017-08-22 00:57:30'),
(624, 'fe3dbf92-94c7-5c51-9e7c-e27d0c67af2e_restaurant2.png', 'uploaded_images/johndoe@example.com/fe3dbf92-94c7-5c51-9e7c-e27d0c67af2e/fe3dbf92-94c7-5c51-9e7c-e27d0c67af2e_restaurant2.png', 29267, 'restaurant2.png', 'fe3dbf92-94c7-5c51-9e7c-e27d0c67af2e', '2017-08-22 00:57:30', '2017-08-22 00:57:30'),
(625, 'fe3dbf92-94c7-5c51-9e7c-e27d0c67af2e_rest-bg.jpg', 'uploaded_images/johndoe@example.com/fe3dbf92-94c7-5c51-9e7c-e27d0c67af2e/fe3dbf92-94c7-5c51-9e7c-e27d0c67af2e_rest-bg.jpg', 208128, 'rest-bg.jpg', 'fe3dbf92-94c7-5c51-9e7c-e27d0c67af2e', '2017-08-22 00:57:30', '2017-08-22 00:57:30'),
(626, 'cb74960c-59fe-50f4-bb18-990a9897f81d_4_Loyal_Customers_v2.jpg', 'uploaded_images/johndoe@example.com/cb74960c-59fe-50f4-bb18-990a9897f81d/cb74960c-59fe-50f4-bb18-990a9897f81d_4_Loyal_Customers_v2.jpg', 52038, '4_Loyal_Customers_v2.jpg', 'cb74960c-59fe-50f4-bb18-990a9897f81d', '2017-08-22 01:34:21', '2017-08-22 01:34:21'),
(627, 'cb74960c-59fe-50f4-bb18-990a9897f81d_3_midtrans.png', 'uploaded_images/johndoe@example.com/cb74960c-59fe-50f4-bb18-990a9897f81d/cb74960c-59fe-50f4-bb18-990a9897f81d_3_midtrans.png', 12828, '3_midtrans.png', 'cb74960c-59fe-50f4-bb18-990a9897f81d', '2017-08-22 01:34:21', '2017-08-22 01:34:21'),
(628, 'cb74960c-59fe-50f4-bb18-990a9897f81d_2_modern-icon.png', 'uploaded_images/johndoe@example.com/cb74960c-59fe-50f4-bb18-990a9897f81d/cb74960c-59fe-50f4-bb18-990a9897f81d_2_modern-icon.png', 20355, '2_modern-icon.png', 'cb74960c-59fe-50f4-bb18-990a9897f81d', '2017-08-22 01:34:22', '2017-08-22 01:34:22'),
(629, 'cb74960c-59fe-50f4-bb18-990a9897f81d_1_nasi_goreng.jpg', 'uploaded_images/johndoe@example.com/cb74960c-59fe-50f4-bb18-990a9897f81d/cb74960c-59fe-50f4-bb18-990a9897f81d_1_nasi_goreng.jpg', 88921, '1_nasi_goreng.jpg', 'cb74960c-59fe-50f4-bb18-990a9897f81d', '2017-08-22 01:34:22', '2017-08-22 01:34:22'),
(630, '73e8df89-e833-5c74-a78a-c8fbe32f39c9_2_wallpaper2.jpg', 'uploaded_images/johndoe@example.com/73e8df89-e833-5c74-a78a-c8fbe32f39c9/73e8df89-e833-5c74-a78a-c8fbe32f39c9_2_wallpaper2.jpg', 666150, '2_wallpaper2.jpg', '73e8df89-e833-5c74-a78a-c8fbe32f39c9', '2017-08-22 02:39:08', '2017-08-22 02:39:08'),
(631, '73e8df89-e833-5c74-a78a-c8fbe32f39c9_3_wallpaper1.jpg', 'uploaded_images/johndoe@example.com/73e8df89-e833-5c74-a78a-c8fbe32f39c9/73e8df89-e833-5c74-a78a-c8fbe32f39c9_3_wallpaper1.jpg', 817382, '3_wallpaper1.jpg', '73e8df89-e833-5c74-a78a-c8fbe32f39c9', '2017-08-22 02:39:09', '2017-08-22 02:39:09'),
(632, '73e8df89-e833-5c74-a78a-c8fbe32f39c9_1_wallpaper3.jpg', 'uploaded_images/johndoe@example.com/73e8df89-e833-5c74-a78a-c8fbe32f39c9/73e8df89-e833-5c74-a78a-c8fbe32f39c9_1_wallpaper3.jpg', 1136353, '1_wallpaper3.jpg', '73e8df89-e833-5c74-a78a-c8fbe32f39c9', '2017-08-22 02:39:09', '2017-08-22 02:39:09');

-- --------------------------------------------------------

--
-- Table structure for table `migrations`
--

CREATE TABLE `migrations` (
  `id` int(10) UNSIGNED NOT NULL,
  `migration` varchar(255) COLLATE utf8mb4_unicode_ci NOT NULL,
  `batch` int(11) NOT NULL
) ENGINE=InnoDB DEFAULT CHARSET=utf8mb4 COLLATE=utf8mb4_unicode_ci;

--
-- Dumping data for table `migrations`
--

INSERT INTO `migrations` (`id`, `migration`, `batch`) VALUES
(1, '2014_10_12_000000_create_users_table', 1),
(2, '2014_10_12_100000_create_password_resets_table', 1),
(4, '2017_06_28_093543_create_albums_table', 2),
(5, '2017_06_28_095004_create_categories_table', 3),
(9, '2017_06_28_100335_create_album_category_table', 4),
(10, '2017_06_28_100626_create_images_table', 4),
(11, '2017_06_28_101903_create_image_thumbnails_table', 4),
(13, '2017_07_06_072526_add_columns_to_users', 5),
(14, '2017_07_13_084332_add_instagram_id_to_users', 6),
(16, '2017_07_14_085801_create_wallets_table', 7),
(17, '2017_07_14_090112_add_wallet_id_to_users', 8),
(18, '2017_07_14_092411_create_order_history_table', 9),
(19, '2017_07_17_043858_add_user_id_to_image_thumbnails', 10);

-- --------------------------------------------------------

--
-- Table structure for table `order_history`
--

CREATE TABLE `order_history` (
  `id` int(10) UNSIGNED NOT NULL,
  `user_id` char(36) COLLATE utf8mb4_unicode_ci NOT NULL,
  `album_id` char(36) COLLATE utf8mb4_unicode_ci NOT NULL,
  `created_at` timestamp NULL DEFAULT NULL,
  `updated_at` timestamp NULL DEFAULT NULL
) ENGINE=InnoDB DEFAULT CHARSET=utf8mb4 COLLATE=utf8mb4_unicode_ci;

-- --------------------------------------------------------

--
-- Table structure for table `password_resets`
--

CREATE TABLE `password_resets` (
  `email` varchar(191) COLLATE utf8mb4_unicode_ci NOT NULL,
  `token` varchar(191) COLLATE utf8mb4_unicode_ci NOT NULL,
  `created_at` timestamp NULL DEFAULT NULL
) ENGINE=InnoDB DEFAULT CHARSET=utf8mb4 COLLATE=utf8mb4_unicode_ci;

-- --------------------------------------------------------

--
-- Table structure for table `users`
--

CREATE TABLE `users` (
  `id` char(36) COLLATE utf8mb4_unicode_ci NOT NULL,
  `name` varchar(191) COLLATE utf8mb4_unicode_ci NOT NULL,
  `email` varchar(191) COLLATE utf8mb4_unicode_ci NOT NULL,
  `password` varchar(191) COLLATE utf8mb4_unicode_ci DEFAULT NULL,
  `provider_name` varchar(191) COLLATE utf8mb4_unicode_ci DEFAULT NULL,
  `provider_id` varchar(191) COLLATE utf8mb4_unicode_ci DEFAULT NULL,
  `avatar` varchar(191) COLLATE utf8mb4_unicode_ci DEFAULT NULL,
  `about` text COLLATE utf8mb4_unicode_ci,
  `remember_token` varchar(100) COLLATE utf8mb4_unicode_ci DEFAULT NULL,
  `created_at` timestamp NULL DEFAULT NULL,
  `updated_at` timestamp NULL DEFAULT NULL,
  `bank_name` varchar(191) COLLATE utf8mb4_unicode_ci DEFAULT NULL,
  `account_number` char(19) COLLATE utf8mb4_unicode_ci DEFAULT NULL,
  `currency_id` int(11) DEFAULT NULL,
  `instagram_id` varchar(191) COLLATE utf8mb4_unicode_ci DEFAULT NULL,
  `wallet_id` int(10) UNSIGNED DEFAULT NULL
) ENGINE=InnoDB DEFAULT CHARSET=utf8mb4 COLLATE=utf8mb4_unicode_ci;

--
-- Dumping data for table `users`
--

INSERT INTO `users` (`id`, `name`, `email`, `password`, `provider_name`, `provider_id`, `avatar`, `about`, `remember_token`, `created_at`, `updated_at`, `bank_name`, `account_number`, `currency_id`, `instagram_id`, `wallet_id`) VALUES
('983ac884-2762-3e85-a7b7-51013cfd1a11', 'John Doe', 'johndoe@example.com', '$2y$10$a92bPN8vKMkAcZjEbt/okOFKlUkbURHmQ3yukpSLsr77oi0iYVWbK', NULL, NULL, NULL, NULL, '1MasTgfv2deMONoenHF3yjrNSAtzOjpkIqhRfbqxhFJ9HDdqa5LMzRlsBjUn', '2017-08-17 22:26:26', '2017-08-17 22:26:27', NULL, NULL, 54, NULL, 8),
('f3c16e77-3a72-37fb-9a22-c6e6d3fb7114', 'Arnadi Denanda Surya', 'arz1893@gmail.com', NULL, 'facebook', '10210502862241008', NULL, NULL, 'tlDGtYQRo3Ugo1nSGeaLFpSE5VoZesHYiOG0PBHOkjePwUIBNIliKB1TmU1C', '2017-08-23 00:09:57', '2017-08-23 00:09:58', NULL, NULL, 54, NULL, 9);

-- --------------------------------------------------------

--
-- Table structure for table `wallets`
--

CREATE TABLE `wallets` (
  `id` int(10) UNSIGNED NOT NULL,
  `deposit` double NOT NULL DEFAULT '0',
  `withdraw` double NOT NULL DEFAULT '0',
  `user_id` char(36) COLLATE utf8mb4_unicode_ci NOT NULL,
  `created_at` timestamp NULL DEFAULT NULL,
  `updated_at` timestamp NULL DEFAULT NULL
) ENGINE=InnoDB DEFAULT CHARSET=utf8mb4 COLLATE=utf8mb4_unicode_ci;

--
-- Dumping data for table `wallets`
--

INSERT INTO `wallets` (`id`, `deposit`, `withdraw`, `user_id`, `created_at`, `updated_at`) VALUES
(8, 0, 0, '983ac884-2762-3e85-a7b7-51013cfd1a11', '2017-08-17 22:26:26', '2017-08-17 22:26:26'),
(9, 0, 0, 'f3c16e77-3a72-37fb-9a22-c6e6d3fb7114', '2017-08-23 00:09:58', '2017-08-23 00:09:58');

--
-- Indexes for dumped tables
--

--
-- Indexes for table `album_category`
--
ALTER TABLE `album_category`
  ADD KEY `album_category_album_id_foreign` (`album_id`),
  ADD KEY `album_category_category_id_foreign` (`category_id`);

--
-- Indexes for table `albums`
--
ALTER TABLE `albums`
  ADD PRIMARY KEY (`id`),
  ADD KEY `albums_user_id_foreign` (`user_id`);

--
-- Indexes for table `categories`
--
ALTER TABLE `categories`
  ADD PRIMARY KEY (`id`);

--
-- Indexes for table `currency`
--
ALTER TABLE `currency`
  ADD PRIMARY KEY (`id`),
  ADD KEY `currency` (`currency`);

--
-- Indexes for table `image_thumbnails`
--
ALTER TABLE `image_thumbnails`
  ADD PRIMARY KEY (`id`),
  ADD KEY `image_thumbnails_image_id_foreign` (`image_id`),
  ADD KEY `image_thumbnails_album_id_foreign` (`album_id`),
  ADD KEY `image_thumbnails_user_id_foreign` (`user_id`);

--
-- Indexes for table `images`
--
ALTER TABLE `images`
  ADD PRIMARY KEY (`id`),
  ADD KEY `images_album_id_foreign` (`album_id`);

--
-- Indexes for table `migrations`
--
ALTER TABLE `migrations`
  ADD PRIMARY KEY (`id`);

--
-- Indexes for table `order_history`
--
ALTER TABLE `order_history`
  ADD PRIMARY KEY (`id`),
  ADD KEY `order_history_user_id_foreign` (`user_id`),
  ADD KEY `order_history_album_id_foreign` (`album_id`);

--
-- Indexes for table `password_resets`
--
ALTER TABLE `password_resets`
  ADD KEY `password_resets_email_index` (`email`);

--
-- Indexes for table `users`
--
ALTER TABLE `users`
  ADD PRIMARY KEY (`id`),
  ADD UNIQUE KEY `users_email_unique` (`email`),
  ADD KEY `users_currency_id_foreign` (`currency_id`),
  ADD KEY `users_wallet_id_foreign` (`wallet_id`);

--
-- Indexes for table `wallets`
--
ALTER TABLE `wallets`
  ADD PRIMARY KEY (`id`),
  ADD KEY `wallets_user_id_foreign` (`user_id`);

--
-- AUTO_INCREMENT for dumped tables
--

--
-- AUTO_INCREMENT for table `categories`
--
ALTER TABLE `categories`
  MODIFY `id` int(10) UNSIGNED NOT NULL AUTO_INCREMENT, AUTO_INCREMENT=8;
--
-- AUTO_INCREMENT for table `currency`
--
ALTER TABLE `currency`
  MODIFY `id` int(10) NOT NULL AUTO_INCREMENT, AUTO_INCREMENT=132;
--
-- AUTO_INCREMENT for table `image_thumbnails`
--
ALTER TABLE `image_thumbnails`
  MODIFY `id` int(10) UNSIGNED NOT NULL AUTO_INCREMENT, AUTO_INCREMENT=623;
--
-- AUTO_INCREMENT for table `images`
--
ALTER TABLE `images`
  MODIFY `id` int(10) UNSIGNED NOT NULL AUTO_INCREMENT, AUTO_INCREMENT=633;
--
-- AUTO_INCREMENT for table `migrations`
--
ALTER TABLE `migrations`
  MODIFY `id` int(10) UNSIGNED NOT NULL AUTO_INCREMENT, AUTO_INCREMENT=20;
--
-- AUTO_INCREMENT for table `order_history`
--
ALTER TABLE `order_history`
  MODIFY `id` int(10) UNSIGNED NOT NULL AUTO_INCREMENT;
--
-- AUTO_INCREMENT for table `wallets`
--
ALTER TABLE `wallets`
  MODIFY `id` int(10) UNSIGNED NOT NULL AUTO_INCREMENT, AUTO_INCREMENT=10;
--
-- Constraints for dumped tables
--

--
-- Constraints for table `album_category`
--
ALTER TABLE `album_category`
  ADD CONSTRAINT `album_category_album_id_foreign` FOREIGN KEY (`album_id`) REFERENCES `albums` (`id`) ON DELETE CASCADE,
  ADD CONSTRAINT `album_category_category_id_foreign` FOREIGN KEY (`category_id`) REFERENCES `categories` (`id`) ON DELETE CASCADE;

--
-- Constraints for table `albums`
--
ALTER TABLE `albums`
  ADD CONSTRAINT `albums_user_id_foreign` FOREIGN KEY (`user_id`) REFERENCES `users` (`id`) ON DELETE CASCADE;

--
-- Constraints for table `image_thumbnails`
--
ALTER TABLE `image_thumbnails`
  ADD CONSTRAINT `image_thumbnails_album_id_foreign` FOREIGN KEY (`album_id`) REFERENCES `albums` (`id`) ON DELETE CASCADE,
  ADD CONSTRAINT `image_thumbnails_image_id_foreign` FOREIGN KEY (`image_id`) REFERENCES `images` (`id`) ON DELETE CASCADE,
  ADD CONSTRAINT `image_thumbnails_user_id_foreign` FOREIGN KEY (`user_id`) REFERENCES `users` (`id`) ON DELETE CASCADE;

--
-- Constraints for table `images`
--
ALTER TABLE `images`
  ADD CONSTRAINT `images_album_id_foreign` FOREIGN KEY (`album_id`) REFERENCES `albums` (`id`) ON DELETE CASCADE;

--
-- Constraints for table `order_history`
--
ALTER TABLE `order_history`
  ADD CONSTRAINT `order_history_album_id_foreign` FOREIGN KEY (`album_id`) REFERENCES `albums` (`id`) ON DELETE CASCADE,
  ADD CONSTRAINT `order_history_user_id_foreign` FOREIGN KEY (`user_id`) REFERENCES `users` (`id`) ON DELETE CASCADE;

--
-- Constraints for table `users`
--
ALTER TABLE `users`
  ADD CONSTRAINT `users_currency_id_foreign` FOREIGN KEY (`currency_id`) REFERENCES `currency` (`id`) ON DELETE CASCADE,
  ADD CONSTRAINT `users_wallet_id_foreign` FOREIGN KEY (`wallet_id`) REFERENCES `wallets` (`id`) ON DELETE CASCADE;

--
-- Constraints for table `wallets`
--
ALTER TABLE `wallets`
  ADD CONSTRAINT `wallets_user_id_foreign` FOREIGN KEY (`user_id`) REFERENCES `users` (`id`) ON DELETE CASCADE;

/*!40101 SET CHARACTER_SET_CLIENT=@OLD_CHARACTER_SET_CLIENT */;
/*!40101 SET CHARACTER_SET_RESULTS=@OLD_CHARACTER_SET_RESULTS */;
/*!40101 SET COLLATION_CONNECTION=@OLD_COLLATION_CONNECTION */;
